;; Object font-utils
;; EIEIO PERSISTENT OBJECT
(pcache-repository "font-utils"
  :file "font-utils"
  :version "0.3"
  :entries #s(hash-table size 65 test eql rehash-size 1.5 rehash-threshold 0.8 data (checksum-ns [object pcache-entry "pcache-entry" 1434766623.42769 7776000 "fc3aeeae25124b0a0b5022467765140e"] font-names-ns [object pcache-entry "pcache-entry" 1434766623.427767 7776000 #s(hash-table size 1625 test equal rehash-size 1.5 rehash-threshold 0.8 data ("ABADI MT CONDENSED EXTRA BOLD" "Abadi MT Condensed Extra Bold" "ABADIMTCONDENSEDEXTRABOLD" "Abadi MT Condensed Extra Bold" "ABADI_MT_CONDENSED_EXTRA_BOLD" "Abadi MT Condensed Extra Bold" "ABADI-MT-CONDENSED-EXTRA-BOLD" "Abadi MT Condensed Extra Bold" "ABADI MT CONDENSED LIGHT" "Abadi MT Condensed Light" "ABADIMTCONDENSEDLIGHT" "Abadi MT Condensed Light" "ABADI_MT_CONDENSED_LIGHT" "Abadi MT Condensed Light" "ABADI-MT-CONDENSED-LIGHT" "Abadi MT Condensed Light" "AL BAYAN" "Al Bayan" "ALBAYAN" "Al Bayan" "AL_BAYAN" "Al Bayan" "AL-BAYAN" "Al Bayan" "AL NILE" "Al Nile" "ALNILE" "Al Nile" "AL_NILE" "Al Nile" "AL-NILE" "Al Nile" "AL TARIKH" "Al Tarikh" "ALTARIKH" "Al Tarikh" "AL_TARIKH" "Al Tarikh" "AL-TARIKH" "Al Tarikh" "AMERICAN TYPEWRITER" "American Typewriter" "AMERICANTYPEWRITER" "American Typewriter" "AMERICAN_TYPEWRITER" "American Typewriter" "AMERICAN-TYPEWRITER" "American Typewriter" "ANDALE MONO" "Andale Mono" "ANDALEMONO" "Andale Mono" "ANDALE_MONO" "Andale Mono" "ANDALE-MONO" "Andale Mono" "APPLE BRAILLE" "Apple Braille" "APPLEBRAILLE" "Apple Braille" "APPLE_BRAILLE" "Apple Braille" "APPLE-BRAILLE" "Apple Braille" "APPLE CHANCERY" "Apple Chancery" "APPLECHANCERY" "Apple Chancery" "APPLE_CHANCERY" "Apple Chancery" "APPLE-CHANCERY" "Apple Chancery" "APPLE COLOR EMOJI" "Apple Color Emoji" "APPLECOLOREMOJI" "Apple Color Emoji" "APPLE_COLOR_EMOJI" "Apple Color Emoji" "APPLE-COLOR-EMOJI" "Apple Color Emoji" "APPLE SD GOTHIC NEO" "Apple SD Gothic Neo" "APPLESDGOTHICNEO" "Apple SD Gothic Neo" "APPLE_SD_GOTHIC_NEO" "Apple SD Gothic Neo" "APPLE-SD-GOTHIC-NEO" "Apple SD Gothic Neo" "APPLE SYMBOLS" "Apple Symbols" "APPLESYMBOLS" "Apple Symbols" "APPLE_SYMBOLS" "Apple Symbols" "APPLE-SYMBOLS" "Apple Symbols" "APPLEGOTHIC" "AppleGothic" "APPLE GOTHIC" "AppleGothic" "APPLE_GOTHIC" "AppleGothic" "APPLE-GOTHIC" "AppleGothic" "APPLEMYUNGJO" "AppleMyungjo" "APPLE MYUNGJO" "AppleMyungjo" "APPLE_MYUNGJO" "AppleMyungjo" "APPLE-MYUNGJO" "AppleMyungjo" "ARIAL" "Arial" "ARIAL BLACK" "Arial Black" "ARIALBLACK" "Arial Black" "ARIAL_BLACK" "Arial Black" "ARIAL-BLACK" "Arial Black" "ARIAL HEBREW" "Arial Hebrew" "ARIALHEBREW" "Arial Hebrew" "ARIAL_HEBREW" "Arial Hebrew" "ARIAL-HEBREW" "Arial Hebrew" "ARIAL HEBREW SCHOLAR" "Arial Hebrew Scholar" "ARIALHEBREWSCHOLAR" "Arial Hebrew Scholar" "ARIAL_HEBREW_SCHOLAR" "Arial Hebrew Scholar" "ARIAL-HEBREW-SCHOLAR" "Arial Hebrew Scholar" "ARIAL NARROW" "Arial Narrow" "ARIALNARROW" "Arial Narrow" "ARIAL_NARROW" "Arial Narrow" "ARIAL-NARROW" "Arial Narrow" "ARIAL ROUNDED MT BOLD" "Arial Rounded MT Bold" "ARIALROUNDEDMTBOLD" "Arial Rounded MT Bold" "ARIAL_ROUNDED_MT_BOLD" "Arial Rounded MT Bold" "ARIAL-ROUNDED-MT-BOLD" "Arial Rounded MT Bold" "ARIAL UNICODE MS" "Arial Unicode MS" "ARIALUNICODEMS" "Arial Unicode MS" "ARIAL_UNICODE_MS" "Arial Unicode MS" "ARIAL-UNICODE-MS" "Arial Unicode MS" "ATHELAS" "Athelas" "AVENIR" "Avenir" "AVENIR NEXT" "Avenir Next" "AVENIRNEXT" "Avenir Next" "AVENIR_NEXT" "Avenir Next" "AVENIR-NEXT" "Avenir Next" "AVENIR NEXT CONDENSED" "Avenir Next Condensed" "AVENIRNEXTCONDENSED" "Avenir Next Condensed" "AVENIR_NEXT_CONDENSED" "Avenir Next Condensed" "AVENIR-NEXT-CONDENSED" "Avenir Next Condensed" "AYUTHAYA" "Ayuthaya" "BAGHDAD" "Baghdad" "BANGLA MN" "Bangla MN" "BANGLAMN" "Bangla MN" "BANGLA_MN" "Bangla MN" "BANGLA-MN" "Bangla MN" "BANGLA SANGAM MN" "Bangla Sangam MN" "BANGLASANGAMMN" "Bangla Sangam MN" "BANGLA_SANGAM_MN" "Bangla Sangam MN" "BANGLA-SANGAM-MN" "Bangla Sangam MN" "BAOLI SC" "Baoli SC" "BAOLISC" "Baoli SC" "BAOLI_SC" "Baoli SC" "BAOLI-SC" "Baoli SC" "BASKERVILLE" "Baskerville" "BASKERVILLE OLD FACE" "Baskerville Old Face" "BASKERVILLEOLDFACE" "Baskerville Old Face" "BASKERVILLE_OLD_FACE" "Baskerville Old Face" "BASKERVILLE-OLD-FACE" "Baskerville Old Face" "BATANG" "Batang" "BAUHAUS 93" "Bauhaus 93" "BAUHAUS93" "Bauhaus 93" "BAUHAUS_93" "Bauhaus 93" "BAUHAUS-93" "Bauhaus 93" "BEIRUT" "Beirut" "BELL MT" "Bell MT" "BELLMT" "Bell MT" "BELL_MT" "Bell MT" "BELL-MT" "Bell MT" "BERNARD MT CONDENSED" "Bernard MT Condensed" "BERNARDMTCONDENSED" "Bernard MT Condensed" "BERNARD_MT_CONDENSED" "Bernard MT Condensed" "BERNARD-MT-CONDENSED" "Bernard MT Condensed" "BIG CASLON" "Big Caslon" "BIGCASLON" "Big Caslon" "BIG_CASLON" "Big Caslon" "BIG-CASLON" "Big Caslon" "BODONI 72" "Bodoni 72" "BODONI72" "Bodoni 72" "BODONI_72" "Bodoni 72" "BODONI-72" "Bodoni 72" "BODONI 72 OLDSTYLE" "Bodoni 72 Oldstyle" "BODONI72OLDSTYLE" "Bodoni 72 Oldstyle" "BODONI_72_OLDSTYLE" "Bodoni 72 Oldstyle" "BODONI-72-OLDSTYLE" "Bodoni 72 Oldstyle" "BODONI 72 SMALLCAPS" "Bodoni 72 Smallcaps" "BODONI72SMALLCAPS" "Bodoni 72 Smallcaps" "BODONI_72_SMALLCAPS" "Bodoni 72 Smallcaps" "BODONI-72-SMALLCAPS" "Bodoni 72 Smallcaps" "BODONI ORNAMENTS" "Bodoni Ornaments" "BODONIORNAMENTS" "Bodoni Ornaments" "BODONI_ORNAMENTS" "Bodoni Ornaments" "BODONI-ORNAMENTS" "Bodoni Ornaments" "BOOK ANTIQUA" "Book Antiqua" "BOOKANTIQUA" "Book Antiqua" "BOOK_ANTIQUA" "Book Antiqua" "BOOK-ANTIQUA" "Book Antiqua" "BOOKMAN OLD STYLE" "Bookman Old Style" "BOOKMANOLDSTYLE" "Bookman Old Style" "BOOKMAN_OLD_STYLE" "Bookman Old Style" "BOOKMAN-OLD-STYLE" "Bookman Old Style" "BOOKSHELF SYMBOL 7" "Bookshelf Symbol 7" "BOOKSHELFSYMBOL7" "Bookshelf Symbol 7" "BOOKSHELF_SYMBOL_7" "Bookshelf Symbol 7" "BOOKSHELF-SYMBOL-7" "Bookshelf Symbol 7" "BRADLEY HAND" "Bradley Hand" "BRADLEYHAND" "Bradley Hand" "BRADLEY_HAND" "Bradley Hand" "BRADLEY-HAND" "Bradley Hand" "BRAGGADOCIO" "Braggadocio" "BRITANNIC BOLD" "Britannic Bold" "BRITANNICBOLD" "Britannic Bold" "BRITANNIC_BOLD" "Britannic Bold" "BRITANNIC-BOLD" "Britannic Bold" "BRUSH SCRIPT MT" "Brush Script MT" "BRUSHSCRIPTMT" "Brush Script MT" "BRUSH_SCRIPT_MT" "Brush Script MT" "BRUSH-SCRIPT-MT" "Brush Script MT" "CALIBRI" "Calibri" "CALISTO MT" "Calisto MT" "CALISTOMT" "Calisto MT" "CALISTO_MT" "Calisto MT" "CALISTO-MT" "Calisto MT" "CAMBRIA" "Cambria" "CAMBRIA MATH" "Cambria Math" "CAMBRIAMATH" "Cambria Math" "CAMBRIA_MATH" "Cambria Math" "CAMBRIA-MATH" "Cambria Math" "CANDARA" "Candara" "CENTURY" "Century" "CENTURY GOTHIC" "Century Gothic" "CENTURYGOTHIC" "Century Gothic" "CENTURY_GOTHIC" "Century Gothic" "CENTURY-GOTHIC" "Century Gothic" "CENTURY SCHOOLBOOK" "Century Schoolbook" "CENTURYSCHOOLBOOK" "Century Schoolbook" "CENTURY_SCHOOLBOOK" "Century Schoolbook" "CENTURY-SCHOOLBOOK" "Century Schoolbook" "CHALKBOARD" "Chalkboard" "CHALKBOARD SE" "Chalkboard SE" "CHALKBOARDSE" "Chalkboard SE" "CHALKBOARD_SE" "Chalkboard SE" "CHALKBOARD-SE" "Chalkboard SE" "CHALKDUSTER" "Chalkduster" "CHARTER" "Charter" "COCHIN" "Cochin" "COLONNA MT" "Colonna MT" "COLONNAMT" "Colonna MT" "COLONNA_MT" "Colonna MT" "COLONNA-MT" "Colonna MT" "COMIC SANS MS" "Comic Sans MS" "COMICSANSMS" "Comic Sans MS" "COMIC_SANS_MS" "Comic Sans MS" "COMIC-SANS-MS" "Comic Sans MS" "CONSOLAS" "Consolas" "CONSTANTIA" "Constantia" "COOPER BLACK" "Cooper Black" "COOPERBLACK" "Cooper Black" "COOPER_BLACK" "Cooper Black" "COOPER-BLACK" "Cooper Black" "COPPERPLATE" "Copperplate" "COPPERPLATE GOTHIC BOLD" "Copperplate Gothic Bold" "COPPERPLATEGOTHICBOLD" "Copperplate Gothic Bold" "COPPERPLATE_GOTHIC_BOLD" "Copperplate Gothic Bold" "COPPERPLATE-GOTHIC-BOLD" "Copperplate Gothic Bold" "COPPERPLATE GOTHIC LIGHT" "Copperplate Gothic Light" "COPPERPLATEGOTHICLIGHT" "Copperplate Gothic Light" "COPPERPLATE_GOTHIC_LIGHT" "Copperplate Gothic Light" "COPPERPLATE-GOTHIC-LIGHT" "Copperplate Gothic Light" "CORBEL" "Corbel" "CORSIVA HEBREW" "Corsiva Hebrew" "CORSIVAHEBREW" "Corsiva Hebrew" "CORSIVA_HEBREW" "Corsiva Hebrew" "CORSIVA-HEBREW" "Corsiva Hebrew" "COURIER" "Courier" "COURIER NEW" "Courier New" "COURIERNEW" "Courier New" "COURIER_NEW" "Courier New" "COURIER-NEW" "Courier New" "CURLZ MT" "Curlz MT" "CURLZMT" "Curlz MT" "CURLZ_MT" "Curlz MT" "CURLZ-MT" "Curlz MT" "DIN ALTERNATE" "DIN Alternate" "DINALTERNATE" "DIN Alternate" "DIN_ALTERNATE" "DIN Alternate" "DIN-ALTERNATE" "DIN Alternate" "DIN CONDENSED" "DIN Condensed" "DINCONDENSED" "DIN Condensed" "DIN_CONDENSED" "DIN Condensed" "DIN-CONDENSED" "DIN Condensed" "DAMASCUS" "Damascus" "DECOTYPE NASKH" "DecoType Naskh" "DECOTYPENASKH" "DecoType Naskh" "DECOTYPE_NASKH" "DecoType Naskh" "DECOTYPE-NASKH" "DecoType Naskh" "DECO TYPE NASKH" "DecoType Naskh" "DECO_TYPE_NASKH" "DecoType Naskh" "DECO-TYPE-NASKH" "DecoType Naskh" "DEJAVU SANS" "DejaVu Sans" "DEJAVUSANS" "DejaVu Sans" "DEJAVU_SANS" "DejaVu Sans" "DEJAVU-SANS" "DejaVu Sans" "DEJA VU SANS" "DejaVu Sans" "DEJA_VU_SANS" "DejaVu Sans" "DEJA-VU-SANS" "DejaVu Sans" "DEJAVU SANS MONO" "DejaVu Sans Mono" "DEJAVUSANSMONO" "DejaVu Sans Mono" "DEJAVU_SANS_MONO" "DejaVu Sans Mono" "DEJAVU-SANS-MONO" "DejaVu Sans Mono" "DEJA VU SANS MONO" "DejaVu Sans Mono" "DEJA_VU_SANS_MONO" "DejaVu Sans Mono" "DEJA-VU-SANS-MONO" "DejaVu Sans Mono" "DEJAVU SERIF" "DejaVu Serif" "DEJAVUSERIF" "DejaVu Serif" "DEJAVU_SERIF" "DejaVu Serif" "DEJAVU-SERIF" "DejaVu Serif" "DEJA VU SERIF" "DejaVu Serif" "DEJA_VU_SERIF" "DejaVu Serif" "DEJA-VU-SERIF" "DejaVu Serif" "DESDEMONA" "Desdemona" "DEVANAGARI MT" "Devanagari MT" "DEVANAGARIMT" "Devanagari MT" "DEVANAGARI_MT" "Devanagari MT" "DEVANAGARI-MT" "Devanagari MT" "DEVANAGARI SANGAM MN" "Devanagari Sangam MN" "DEVANAGARISANGAMMN" "Devanagari Sangam MN" "DEVANAGARI_SANGAM_MN" "Devanagari Sangam MN" "DEVANAGARI-SANGAM-MN" "Devanagari Sangam MN" "DIDOT" "Didot" "DIWAN KUFI" "Diwan Kufi" "DIWANKUFI" "Diwan Kufi" "DIWAN_KUFI" "Diwan Kufi" "DIWAN-KUFI" "Diwan Kufi" "DIWAN THULUTH" "Diwan Thuluth" "DIWANTHULUTH" "Diwan Thuluth" "DIWAN_THULUTH" "Diwan Thuluth" "DIWAN-THULUTH" "Diwan Thuluth" "EDWARDIAN SCRIPT ITC" "Edwardian Script ITC" "EDWARDIANSCRIPTITC" "Edwardian Script ITC" "EDWARDIAN_SCRIPT_ITC" "Edwardian Script ITC" "EDWARDIAN-SCRIPT-ITC" "Edwardian Script ITC" "ENGRAVERS MT" "Engravers MT" "ENGRAVERSMT" "Engravers MT" "ENGRAVERS_MT" "Engravers MT" "ENGRAVERS-MT" "Engravers MT" "EUPHEMIA UCAS" "Euphemia UCAS" "EUPHEMIAUCAS" "Euphemia UCAS" "EUPHEMIA_UCAS" "Euphemia UCAS" "EUPHEMIA-UCAS" "Euphemia UCAS" "EUROSTILE" "Eurostile" "FARAH" "Farah" "FARISI" "Farisi" "FOOTLIGHT MT LIGHT" "Footlight MT Light" "FOOTLIGHTMTLIGHT" "Footlight MT Light" "FOOTLIGHT_MT_LIGHT" "Footlight MT Light" "FOOTLIGHT-MT-LIGHT" "Footlight MT Light" "FRANKLIN GOTHIC BOOK" "Franklin Gothic Book" "FRANKLINGOTHICBOOK" "Franklin Gothic Book" "FRANKLIN_GOTHIC_BOOK" "Franklin Gothic Book" "FRANKLIN-GOTHIC-BOOK" "Franklin Gothic Book" "FRANKLIN GOTHIC MEDIUM" "Franklin Gothic Medium" "FRANKLINGOTHICMEDIUM" "Franklin Gothic Medium" "FRANKLIN_GOTHIC_MEDIUM" "Franklin Gothic Medium" "FRANKLIN-GOTHIC-MEDIUM" "Franklin Gothic Medium" "FUTURA" "Futura" "GB18030 BITMAP" "GB18030 Bitmap" "GB18030BITMAP" "GB18030 Bitmap" "GB18030_BITMAP" "GB18030 Bitmap" "GB18030-BITMAP" "GB18030 Bitmap" "GABRIOLA" "Gabriola" "GARAMOND" "Garamond" "GEEZA PRO" "Geeza Pro" "GEEZAPRO" "Geeza Pro" "GEEZA_PRO" "Geeza Pro" "GEEZA-PRO" "Geeza Pro" "GENEVA" "Geneva" "GENTIUM BOOK BASIC" "Gentium Book Basic" "GENTIUMBOOKBASIC" "Gentium Book Basic" "GENTIUM_BOOK_BASIC" "Gentium Book Basic" "GENTIUM-BOOK-BASIC" "Gentium Book Basic" "GEORGIA" "Georgia" "GILL SANS" "Gill Sans" "GILLSANS" "Gill Sans" "GILL_SANS" "Gill Sans" "GILL-SANS" "Gill Sans" "GILL SANS MT" "Gill Sans MT" "GILLSANSMT" "Gill Sans MT" "GILL_SANS_MT" "Gill Sans MT" "GILL-SANS-MT" "Gill Sans MT" "GLOUCESTER MT EXTRA CONDENSED" "Gloucester MT Extra Condensed" "GLOUCESTERMTEXTRACONDENSED" "Gloucester MT Extra Condensed" "GLOUCESTER_MT_EXTRA_CONDENSED" "Gloucester MT Extra Condensed" "GLOUCESTER-MT-EXTRA-CONDENSED" "Gloucester MT Extra Condensed" "GOUDY OLD STYLE" "Goudy Old Style" "GOUDYOLDSTYLE" "Goudy Old Style" "GOUDY_OLD_STYLE" "Goudy Old Style" "GOUDY-OLD-STYLE" "Goudy Old Style" "GUJARATI MT" "Gujarati MT" "GUJARATIMT" "Gujarati MT" "GUJARATI_MT" "Gujarati MT" "GUJARATI-MT" "Gujarati MT" "GUJARATI SANGAM MN" "Gujarati Sangam MN" "GUJARATISANGAMMN" "Gujarati Sangam MN" "GUJARATI_SANGAM_MN" "Gujarati Sangam MN" "GUJARATI-SANGAM-MN" "Gujarati Sangam MN" "GULIM" "Gulim" "GUNGSEO" "GungSeo" "GUNG SEO" "GungSeo" "GUNG_SEO" "GungSeo" "GUNG-SEO" "GungSeo" "GURMUKHI MN" "Gurmukhi MN" "GURMUKHIMN" "Gurmukhi MN" "GURMUKHI_MN" "Gurmukhi MN" "GURMUKHI-MN" "Gurmukhi MN" "GURMUKHI MT" "Gurmukhi MT" "GURMUKHIMT" "Gurmukhi MT" "GURMUKHI_MT" "Gurmukhi MT" "GURMUKHI-MT" "Gurmukhi MT" "GURMUKHI SANGAM MN" "Gurmukhi Sangam MN" "GURMUKHISANGAMMN" "Gurmukhi Sangam MN" "GURMUKHI_SANGAM_MN" "Gurmukhi Sangam MN" "GURMUKHI-SANGAM-MN" "Gurmukhi Sangam MN" "HAETTENSCHWEILER" "Haettenschweiler" "HANNOTATE SC" "Hannotate SC" "HANNOTATESC" "Hannotate SC" "HANNOTATE_SC" "Hannotate SC" "HANNOTATE-SC" "Hannotate SC" "HANNOTATE TC" "Hannotate TC" "HANNOTATETC" "Hannotate TC" "HANNOTATE_TC" "Hannotate TC" "HANNOTATE-TC" "Hannotate TC" "HANZIPEN SC" "HanziPen SC" "HANZIPENSC" "HanziPen SC" "HANZIPEN_SC" "HanziPen SC" "HANZIPEN-SC" "HanziPen SC" "HANZI PEN SC" "HanziPen SC" "HANZI_PEN_SC" "HanziPen SC" "HANZI-PEN-SC" "HanziPen SC" "HANZIPEN TC" "HanziPen TC" "HANZIPENTC" "HanziPen TC" "HANZIPEN_TC" "HanziPen TC" "HANZIPEN-TC" "HanziPen TC" "HANZI PEN TC" "HanziPen TC" "HANZI_PEN_TC" "HanziPen TC" "HANZI-PEN-TC" "HanziPen TC" "HARRINGTON" "Harrington" "HEADLINEA" "HeadLineA" "HEAD LINE A" "HeadLineA" "HEAD_LINE_A" "HeadLineA" "HEAD-LINE-A" "HeadLineA" "HEITI SC" "Heiti SC" "HEITISC" "Heiti SC" "HEITI_SC" "Heiti SC" "HEITI-SC" "Heiti SC" "HEITI TC" "Heiti TC" "HEITITC" "Heiti TC" "HEITI_TC" "Heiti TC" "HEITI-TC" "Heiti TC" "HELVETICA" "Helvetica" "HELVETICA NEUE" "Helvetica Neue" "HELVETICANEUE" "Helvetica Neue" "HELVETICA_NEUE" "Helvetica Neue" "HELVETICA-NEUE" "Helvetica Neue" "HERCULANUM" "Herculanum" "HIRAGINO KAKU GOTHIC PRO" "Hiragino Kaku Gothic Pro" "HIRAGINOKAKUGOTHICPRO" "Hiragino Kaku Gothic Pro" "HIRAGINO_KAKU_GOTHIC_PRO" "Hiragino Kaku Gothic Pro" "HIRAGINO-KAKU-GOTHIC-PRO" "Hiragino Kaku Gothic Pro" "HIRAGINO KAKU GOTHIC PRON" "Hiragino Kaku Gothic ProN" "HIRAGINOKAKUGOTHICPRON" "Hiragino Kaku Gothic ProN" "HIRAGINO_KAKU_GOTHIC_PRON" "Hiragino Kaku Gothic ProN" "HIRAGINO-KAKU-GOTHIC-PRON" "Hiragino Kaku Gothic ProN" "HIRAGINO KAKU GOTHIC PRO N" "Hiragino Kaku Gothic ProN" "HIRAGINO_KAKU_GOTHIC_PRO_N" "Hiragino Kaku Gothic ProN" "HIRAGINO-KAKU-GOTHIC-PRO-N" "Hiragino Kaku Gothic ProN" "HIRAGINO KAKU GOTHIC STD" "Hiragino Kaku Gothic Std" "HIRAGINOKAKUGOTHICSTD" "Hiragino Kaku Gothic Std" "HIRAGINO_KAKU_GOTHIC_STD" "Hiragino Kaku Gothic Std" "HIRAGINO-KAKU-GOTHIC-STD" "Hiragino Kaku Gothic Std" "HIRAGINO KAKU GOTHIC STDN" "Hiragino Kaku Gothic StdN" "HIRAGINOKAKUGOTHICSTDN" "Hiragino Kaku Gothic StdN" "HIRAGINO_KAKU_GOTHIC_STDN" "Hiragino Kaku Gothic StdN" "HIRAGINO-KAKU-GOTHIC-STDN" "Hiragino Kaku Gothic StdN" "HIRAGINO KAKU GOTHIC STD N" "Hiragino Kaku Gothic StdN" "HIRAGINO_KAKU_GOTHIC_STD_N" "Hiragino Kaku Gothic StdN" "HIRAGINO-KAKU-GOTHIC-STD-N" "Hiragino Kaku Gothic StdN" "HIRAGINO MARU GOTHIC PRO" "Hiragino Maru Gothic Pro" "HIRAGINOMARUGOTHICPRO" "Hiragino Maru Gothic Pro" "HIRAGINO_MARU_GOTHIC_PRO" "Hiragino Maru Gothic Pro" "HIRAGINO-MARU-GOTHIC-PRO" "Hiragino Maru Gothic Pro" "HIRAGINO MARU GOTHIC PRON" "Hiragino Maru Gothic ProN" "HIRAGINOMARUGOTHICPRON" "Hiragino Maru Gothic ProN" "HIRAGINO_MARU_GOTHIC_PRON" "Hiragino Maru Gothic ProN" "HIRAGINO-MARU-GOTHIC-PRON" "Hiragino Maru Gothic ProN" "HIRAGINO MARU GOTHIC PRO N" "Hiragino Maru Gothic ProN" "HIRAGINO_MARU_GOTHIC_PRO_N" "Hiragino Maru Gothic ProN" "HIRAGINO-MARU-GOTHIC-PRO-N" "Hiragino Maru Gothic ProN" "HIRAGINO MINCHO PRO" "Hiragino Mincho Pro" "HIRAGINOMINCHOPRO" "Hiragino Mincho Pro" "HIRAGINO_MINCHO_PRO" "Hiragino Mincho Pro" "HIRAGINO-MINCHO-PRO" "Hiragino Mincho Pro" "HIRAGINO MINCHO PRON" "Hiragino Mincho ProN" "HIRAGINOMINCHOPRON" "Hiragino Mincho ProN" "HIRAGINO_MINCHO_PRON" "Hiragino Mincho ProN" "HIRAGINO-MINCHO-PRON" "Hiragino Mincho ProN" "HIRAGINO MINCHO PRO N" "Hiragino Mincho ProN" "HIRAGINO_MINCHO_PRO_N" "Hiragino Mincho ProN" "HIRAGINO-MINCHO-PRO-N" "Hiragino Mincho ProN" "HIRAGINO SANS GB" "Hiragino Sans GB" "HIRAGINOSANSGB" "Hiragino Sans GB" "HIRAGINO_SANS_GB" "Hiragino Sans GB" "HIRAGINO-SANS-GB" "Hiragino Sans GB" "HOEFLER TEXT" "Hoefler Text" "HOEFLERTEXT" "Hoefler Text" "HOEFLER_TEXT" "Hoefler Text" "HOEFLER-TEXT" "Hoefler Text" "ITF DEVANAGARI" "ITF Devanagari" "ITFDEVANAGARI" "ITF Devanagari" "ITF_DEVANAGARI" "ITF Devanagari" "ITF-DEVANAGARI" "ITF Devanagari" "IMPACT" "Impact" "IMPRINT MT SHADOW" "Imprint MT Shadow" "IMPRINTMTSHADOW" "Imprint MT Shadow" "IMPRINT_MT_SHADOW" "Imprint MT Shadow" "IMPRINT-MT-SHADOW" "Imprint MT Shadow" "INAIMATHI" "InaiMathi" "INAI MATHI" "InaiMathi" "INAI_MATHI" "InaiMathi" "INAI-MATHI" "InaiMathi" "INCONSOLATA" "Inconsolata" "INCONSOLATA FOR POWERLINE" "Inconsolata for Powerline" "INCONSOLATAFORPOWERLINE" "Inconsolata for Powerline" "INCONSOLATA_FOR_POWERLINE" "Inconsolata for Powerline" "INCONSOLATA-FOR-POWERLINE" "Inconsolata for Powerline" "IOWAN OLD STYLE" "Iowan Old Style" "IOWANOLDSTYLE" "Iowan Old Style" "IOWAN_OLD_STYLE" "Iowan Old Style" "IOWAN-OLD-STYLE" "Iowan Old Style" "KAILASA" "Kailasa" "KAITI SC" "Kaiti SC" "KAITISC" "Kaiti SC" "KAITI_SC" "Kaiti SC" "KAITI-SC" "Kaiti SC" "KAITI TC" "Kaiti TC" "KAITITC" "Kaiti TC" "KAITI_TC" "Kaiti TC" "KAITI-TC" "Kaiti TC" "KANNADA MN" "Kannada MN" "KANNADAMN" "Kannada MN" "KANNADA_MN" "Kannada MN" "KANNADA-MN" "Kannada MN" "KANNADA SANGAM MN" "Kannada Sangam MN" "KANNADASANGAMMN" "Kannada Sangam MN" "KANNADA_SANGAM_MN" "Kannada Sangam MN" "KANNADA-SANGAM-MN" "Kannada Sangam MN" "KEFA" "Kefa" "KHMER MN" "Khmer MN" "KHMERMN" "Khmer MN" "KHMER_MN" "Khmer MN" "KHMER-MN" "Khmer MN" "KHMER SANGAM MN" "Khmer Sangam MN" "KHMERSANGAMMN" "Khmer Sangam MN" "KHMER_SANGAM_MN" "Khmer Sangam MN" "KHMER-SANGAM-MN" "Khmer Sangam MN" "KINO MT" "Kino MT" "KINOMT" "Kino MT" "KINO_MT" "Kino MT" "KINO-MT" "Kino MT" "KOHINOOR DEVANAGARI" "Kohinoor Devanagari" "KOHINOORDEVANAGARI" "Kohinoor Devanagari" "KOHINOOR_DEVANAGARI" "Kohinoor Devanagari" "KOHINOOR-DEVANAGARI" "Kohinoor Devanagari" "KOKONOR" "Kokonor" "KRUNGTHEP" "Krungthep" "KUFISTANDARDGK" "KufiStandardGK" "KUFI STANDARD GK" "KufiStandardGK" "KUFI_STANDARD_GK" "KufiStandardGK" "KUFI-STANDARD-GK" "KufiStandardGK" "LANTINGHEI SC" "Lantinghei SC" "LANTINGHEISC" "Lantinghei SC" "LANTINGHEI_SC" "Lantinghei SC" "LANTINGHEI-SC" "Lantinghei SC" "LANTINGHEI TC" "Lantinghei TC" "LANTINGHEITC" "Lantinghei TC" "LANTINGHEI_TC" "Lantinghei TC" "LANTINGHEI-TC" "Lantinghei TC" "LAO MN" "Lao MN" "LAOMN" "Lao MN" "LAO_MN" "Lao MN" "LAO-MN" "Lao MN" "LAO SANGAM MN" "Lao Sangam MN" "LAOSANGAMMN" "Lao Sangam MN" "LAO_SANGAM_MN" "Lao Sangam MN" "LAO-SANGAM-MN" "Lao Sangam MN" "LATO" "Lato" "LIHEI PRO" "LiHei Pro" "LIHEIPRO" "LiHei Pro" "LIHEI_PRO" "LiHei Pro" "LIHEI-PRO" "LiHei Pro" "LI HEI PRO" "LiHei Pro" "LI_HEI_PRO" "LiHei Pro" "LI-HEI-PRO" "LiHei Pro" "LISONG PRO" "LiSong Pro" "LISONGPRO" "LiSong Pro" "LISONG_PRO" "LiSong Pro" "LISONG-PRO" "LiSong Pro" "LI SONG PRO" "LiSong Pro" "LI_SONG_PRO" "LiSong Pro" "LI-SONG-PRO" "LiSong Pro" "LIBIAN SC" "Libian SC" "LIBIANSC" "Libian SC" "LIBIAN_SC" "Libian SC" "LIBIAN-SC" "Libian SC" "LUCIDA BLACKLETTER" "Lucida Blackletter" "LUCIDABLACKLETTER" "Lucida Blackletter" "LUCIDA_BLACKLETTER" "Lucida Blackletter" "LUCIDA-BLACKLETTER" "Lucida Blackletter" "LUCIDA BRIGHT" "Lucida Bright" "LUCIDABRIGHT" "Lucida Bright" "LUCIDA_BRIGHT" "Lucida Bright" "LUCIDA-BRIGHT" "Lucida Bright" "LUCIDA CALLIGRAPHY" "Lucida Calligraphy" "LUCIDACALLIGRAPHY" "Lucida Calligraphy" "LUCIDA_CALLIGRAPHY" "Lucida Calligraphy" "LUCIDA-CALLIGRAPHY" "Lucida Calligraphy" "LUCIDA CONSOLE" "Lucida Console" "LUCIDACONSOLE" "Lucida Console" "LUCIDA_CONSOLE" "Lucida Console" "LUCIDA-CONSOLE" "Lucida Console" "LUCIDA FAX" "Lucida Fax" "LUCIDAFAX" "Lucida Fax" "LUCIDA_FAX" "Lucida Fax" "LUCIDA-FAX" "Lucida Fax" "LUCIDA GRANDE" "Lucida Grande" "LUCIDAGRANDE" "Lucida Grande" "LUCIDA_GRANDE" "Lucida Grande" "LUCIDA-GRANDE" "Lucida Grande" "LUCIDA HANDWRITING" "Lucida Handwriting" "LUCIDAHANDWRITING" "Lucida Handwriting" "LUCIDA_HANDWRITING" "Lucida Handwriting" "LUCIDA-HANDWRITING" "Lucida Handwriting" "LUCIDA SANS" "Lucida Sans" "LUCIDASANS" "Lucida Sans" "LUCIDA_SANS" "Lucida Sans" "LUCIDA-SANS" "Lucida Sans" "LUCIDA SANS TYPEWRITER" "Lucida Sans Typewriter" "LUCIDASANSTYPEWRITER" "Lucida Sans Typewriter" "LUCIDA_SANS_TYPEWRITER" "Lucida Sans Typewriter" "LUCIDA-SANS-TYPEWRITER" "Lucida Sans Typewriter" "LUCIDA SANS UNICODE" "Lucida Sans Unicode" "LUCIDASANSUNICODE" "Lucida Sans Unicode" "LUCIDA_SANS_UNICODE" "Lucida Sans Unicode" "LUCIDA-SANS-UNICODE" "Lucida Sans Unicode" "LUMINARI" "Luminari" "MS GOTHIC" "MS Gothic" "MSGOTHIC" "MS Gothic" "MS_GOTHIC" "MS Gothic" "MS-GOTHIC" "MS Gothic" "MS MINCHO" "MS Mincho" "MSMINCHO" "MS Mincho" "MS_MINCHO" "MS Mincho" "MS-MINCHO" "MS Mincho" "MS PGOTHIC" "MS PGothic" "MSPGOTHIC" "MS PGothic" "MS_PGOTHIC" "MS PGothic" "MS-PGOTHIC" "MS PGothic" "MS PMINCHO" "MS PMincho" "MSPMINCHO" "MS PMincho" "MS_PMINCHO" "MS PMincho" "MS-PMINCHO" "MS PMincho" "MS REFERENCE SANS SERIF" "MS Reference Sans Serif" "MSREFERENCESANSSERIF" "MS Reference Sans Serif" "MS_REFERENCE_SANS_SERIF" "MS Reference Sans Serif" "MS-REFERENCE-SANS-SERIF" "MS Reference Sans Serif" "MS REFERENCE SPECIALTY" "MS Reference Specialty" "MSREFERENCESPECIALTY" "MS Reference Specialty" "MS_REFERENCE_SPECIALTY" "MS Reference Specialty" "MS-REFERENCE-SPECIALTY" "MS Reference Specialty" "MT EXTRA" "MT Extra" "MTEXTRA" "MT Extra" "MT_EXTRA" "MT Extra" "MT-EXTRA" "MT Extra" "MALAYALAM MN" "Malayalam MN" "MALAYALAMMN" "Malayalam MN" "MALAYALAM_MN" "Malayalam MN" "MALAYALAM-MN" "Malayalam MN" "MALAYALAM SANGAM MN" "Malayalam Sangam MN" "MALAYALAMSANGAMMN" "Malayalam Sangam MN" "MALAYALAM_SANGAM_MN" "Malayalam Sangam MN" "MALAYALAM-SANGAM-MN" "Malayalam Sangam MN" "MARION" "Marion" "MARKER FELT" "Marker Felt" "MARKERFELT" "Marker Felt" "MARKER_FELT" "Marker Felt" "MARKER-FELT" "Marker Felt" "MARLETT" "Marlett" "MATURA MT SCRIPT CAPITALS" "Matura MT Script Capitals" "MATURAMTSCRIPTCAPITALS" "Matura MT Script Capitals" "MATURA_MT_SCRIPT_CAPITALS" "Matura MT Script Capitals" "MATURA-MT-SCRIPT-CAPITALS" "Matura MT Script Capitals" "MEIRYO" "Meiryo" "MENLO" "Menlo" "MICROSOFT HIMALAYA" "Microsoft Himalaya" "MICROSOFTHIMALAYA" "Microsoft Himalaya" "MICROSOFT_HIMALAYA" "Microsoft Himalaya" "MICROSOFT-HIMALAYA" "Microsoft Himalaya" "MICROSOFT SANS SERIF" "Microsoft Sans Serif" "MICROSOFTSANSSERIF" "Microsoft Sans Serif" "MICROSOFT_SANS_SERIF" "Microsoft Sans Serif" "MICROSOFT-SANS-SERIF" "Microsoft Sans Serif" "MICROSOFT TAI LE" "Microsoft Tai Le" "MICROSOFTTAILE" "Microsoft Tai Le" "MICROSOFT_TAI_LE" "Microsoft Tai Le" "MICROSOFT-TAI-LE" "Microsoft Tai Le" "MICROSOFT YI BAITI" "Microsoft Yi Baiti" "MICROSOFTYIBAITI" "Microsoft Yi Baiti" "MICROSOFT_YI_BAITI" "Microsoft Yi Baiti" "MICROSOFT-YI-BAITI" "Microsoft Yi Baiti" "MINGLIU" "MingLiU" "MING LI U" "MingLiU" "MING_LI_U" "MingLiU" "MING-LI-U" "MingLiU" "MINGLIU-EXTB" "MingLiU-ExtB" "MING LI U-EXT B" "MingLiU-ExtB" "MING_LI_U-EXT_B" "MingLiU-ExtB" "MING-LI-U-EXT-B" "MingLiU-ExtB" "MINGLIU_HKSCS" "MingLiU_HKSCS" "MINGLIUHKSCS" "MingLiU_HKSCS" "MINGLIU HKSCS" "MingLiU_HKSCS" "MINGLIU-HKSCS" "MingLiU_HKSCS" "MING LI U_HKSCS" "MingLiU_HKSCS" "MING_LI_U_HKSCS" "MingLiU_HKSCS" "MING LI U HKSCS" "MingLiU_HKSCS" "MING-LI-U_HKSCS" "MingLiU_HKSCS" "MING-LI-U-HKSCS" "MingLiU_HKSCS" "MINGLIU_HKSCS-EXTB" "MingLiU_HKSCS-ExtB" "MINGLIUHKSCS-EXTB" "MingLiU_HKSCS-ExtB" "MINGLIU HKSCS-EXTB" "MingLiU_HKSCS-ExtB" "MINGLIU-HKSCS-EXTB" "MingLiU_HKSCS-ExtB" "MING LI U_HKSCS-EXT B" "MingLiU_HKSCS-ExtB" "MING_LI_U_HKSCS-EXT_B" "MingLiU_HKSCS-ExtB" "MING LI U HKSCS-EXT B" "MingLiU_HKSCS-ExtB" "MING-LI-U_HKSCS-EXT-B" "MingLiU_HKSCS-ExtB" "MING-LI-U-HKSCS-EXT-B" "MingLiU_HKSCS-ExtB" "MINION PRO" "Minion Pro" "MINIONPRO" "Minion Pro" "MINION_PRO" "Minion Pro" "MINION-PRO" "Minion Pro" "MISHAFI" "Mishafi" "MISHAFI GOLD" "Mishafi Gold" "MISHAFIGOLD" "Mishafi Gold" "MISHAFI_GOLD" "Mishafi Gold" "MISHAFI-GOLD" "Mishafi Gold" "MISTRAL" "Mistral" "MODERN NO. 20" "Modern No. 20" "MODERNNO.20" "Modern No. 20" "MODERN_NO._20" "Modern No. 20" "MODERN-NO.-20" "Modern No. 20" "MONACO" "Monaco" "MONGOLIAN BAITI" "Mongolian Baiti" "MONGOLIANBAITI" "Mongolian Baiti" "MONGOLIAN_BAITI" "Mongolian Baiti" "MONGOLIAN-BAITI" "Mongolian Baiti" "MONOTYPE CORSIVA" "Monotype Corsiva" "MONOTYPECORSIVA" "Monotype Corsiva" "MONOTYPE_CORSIVA" "Monotype Corsiva" "MONOTYPE-CORSIVA" "Monotype Corsiva" "MONOTYPE SORTS" "Monotype Sorts" "MONOTYPESORTS" "Monotype Sorts" "MONOTYPE_SORTS" "Monotype Sorts" "MONOTYPE-SORTS" "Monotype Sorts" "MSHTAKAN" "Mshtakan" "MUNA" "Muna" "MYANMAR MN" "Myanmar MN" "MYANMARMN" "Myanmar MN" "MYANMAR_MN" "Myanmar MN" "MYANMAR-MN" "Myanmar MN" "MYANMAR SANGAM MN" "Myanmar Sangam MN" "MYANMARSANGAMMN" "Myanmar Sangam MN" "MYANMAR_SANGAM_MN" "Myanmar Sangam MN" "MYANMAR-SANGAM-MN" "Myanmar Sangam MN" "MYRIAD PRO" "Myriad Pro" "MYRIADPRO" "Myriad Pro" "MYRIAD_PRO" "Myriad Pro" "MYRIAD-PRO" "Myriad Pro" "NADEEM" "Nadeem" "NANUM BRUSH SCRIPT" "Nanum Brush Script" "NANUMBRUSHSCRIPT" "Nanum Brush Script" "NANUM_BRUSH_SCRIPT" "Nanum Brush Script" "NANUM-BRUSH-SCRIPT" "Nanum Brush Script" "NANUM GOTHIC" "Nanum Gothic" "NANUMGOTHIC" "Nanum Gothic" "NANUM_GOTHIC" "Nanum Gothic" "NANUM-GOTHIC" "Nanum Gothic" "NANUM MYEONGJO" "Nanum Myeongjo" "NANUMMYEONGJO" "Nanum Myeongjo" "NANUM_MYEONGJO" "Nanum Myeongjo" "NANUM-MYEONGJO" "Nanum Myeongjo" "NANUM PEN SCRIPT" "Nanum Pen Script" "NANUMPENSCRIPT" "Nanum Pen Script" "NANUM_PEN_SCRIPT" "Nanum Pen Script" "NANUM-PEN-SCRIPT" "Nanum Pen Script" "NEO EULER" "Neo Euler" "NEOEULER" "Neo Euler" "NEO_EULER" "Neo Euler" "NEO-EULER" "Neo Euler" "NEW PENINIM MT" "New Peninim MT" "NEWPENINIMMT" "New Peninim MT" "NEW_PENINIM_MT" "New Peninim MT" "NEW-PENINIM-MT" "New Peninim MT" "NEWS GOTHIC MT" "News Gothic MT" "NEWSGOTHICMT" "News Gothic MT" "NEWS_GOTHIC_MT" "News Gothic MT" "NEWS-GOTHIC-MT" "News Gothic MT" "NOTEWORTHY" "Noteworthy" "ONYX" "Onyx" "OPEN SANS" "Open Sans" "OPENSANS" "Open Sans" "OPEN_SANS" "Open Sans" "OPEN-SANS" "Open Sans" "OPTIMA" "Optima" "ORIYA MN" "Oriya MN" "ORIYAMN" "Oriya MN" "ORIYA_MN" "Oriya MN" "ORIYA-MN" "Oriya MN" "ORIYA SANGAM MN" "Oriya Sangam MN" "ORIYASANGAMMN" "Oriya Sangam MN" "ORIYA_SANGAM_MN" "Oriya Sangam MN" "ORIYA-SANGAM-MN" "Oriya Sangam MN" "OSAKA" "Osaka" "PCMYUNGJO" "PCMyungjo" "PMINGLIU" "PMingLiU" "PMING LI U" "PMingLiU" "PMING_LI_U" "PMingLiU" "PMING-LI-U" "PMingLiU" "PMINGLIU-EXTB" "PMingLiU-ExtB" "PMING LI U-EXT B" "PMingLiU-ExtB" "PMING_LI_U-EXT_B" "PMingLiU-ExtB" "PMING-LI-U-EXT-B" "PMingLiU-ExtB" "PT MONO" "PT Mono" "PTMONO" "PT Mono" "PT_MONO" "PT Mono" "PT-MONO" "PT Mono" "PT SANS" "PT Sans" "PTSANS" "PT Sans" "PT_SANS" "PT Sans" "PT-SANS" "PT Sans" "PT SANS CAPTION" "PT Sans Caption" "PTSANSCAPTION" "PT Sans Caption" "PT_SANS_CAPTION" "PT Sans Caption" "PT-SANS-CAPTION" "PT Sans Caption" "PT SANS NARROW" "PT Sans Narrow" "PTSANSNARROW" "PT Sans Narrow" "PT_SANS_NARROW" "PT Sans Narrow" "PT-SANS-NARROW" "PT Sans Narrow" "PT SERIF" "PT Serif" "PTSERIF" "PT Serif" "PT_SERIF" "PT Serif" "PT-SERIF" "PT Serif" "PT SERIF CAPTION" "PT Serif Caption" "PTSERIFCAPTION" "PT Serif Caption" "PT_SERIF_CAPTION" "PT Serif Caption" "PT-SERIF-CAPTION" "PT Serif Caption" "PALATINO" "Palatino" "PALATINO LINOTYPE" "Palatino Linotype" "PALATINOLINOTYPE" "Palatino Linotype" "PALATINO_LINOTYPE" "Palatino Linotype" "PALATINO-LINOTYPE" "Palatino Linotype" "PAPYRUS" "Papyrus" "PERPETUA" "Perpetua" "PERPETUA TITLING MT" "Perpetua Titling MT" "PERPETUATITLINGMT" "Perpetua Titling MT" "PERPETUA_TITLING_MT" "Perpetua Titling MT" "PERPETUA-TITLING-MT" "Perpetua Titling MT" "PHOSPHATE" "Phosphate" "PILGI" "PilGi" "PIL GI" "PilGi" "PIL_GI" "PilGi" "PIL-GI" "PilGi" "PLANTAGENET CHEROKEE" "Plantagenet Cherokee" "PLANTAGENETCHEROKEE" "Plantagenet Cherokee" "PLANTAGENET_CHEROKEE" "Plantagenet Cherokee" "PLANTAGENET-CHEROKEE" "Plantagenet Cherokee" "PLAYBILL" "Playbill" "QUIVIRA" "Quivira" "RAANANA" "Raanana" "ROBOTO" "Roboto" "ROBOTO SLAB" "Roboto Slab" "ROBOTOSLAB" "Roboto Slab" "ROBOTO_SLAB" "Roboto Slab" "ROBOTO-SLAB" "Roboto Slab" "ROCKWELL" "Rockwell" "ROCKWELL EXTRA BOLD" "Rockwell Extra Bold" "ROCKWELLEXTRABOLD" "Rockwell Extra Bold" "ROCKWELL_EXTRA_BOLD" "Rockwell Extra Bold" "ROCKWELL-EXTRA-BOLD" "Rockwell Extra Bold" "STFANGSONG" "STFangsong" "STHEITI" "STHeiti" "STIXGENERAL" "STIXGeneral" "STIXINTEGRALSD" "STIXIntegralsD" "STIXINTEGRALS D" "STIXIntegralsD" "STIXINTEGRALS_D" "STIXIntegralsD" "STIXINTEGRALS-D" "STIXIntegralsD" "STIXINTEGRALSSM" "STIXIntegralsSm" "STIXINTEGRALS SM" "STIXIntegralsSm" "STIXINTEGRALS_SM" "STIXIntegralsSm" "STIXINTEGRALS-SM" "STIXIntegralsSm" "STIXINTEGRALSUP" "STIXIntegralsUp" "STIXINTEGRALS UP" "STIXIntegralsUp" "STIXINTEGRALS_UP" "STIXIntegralsUp" "STIXINTEGRALS-UP" "STIXIntegralsUp" "STIXINTEGRALSUPD" "STIXIntegralsUpD" "STIXINTEGRALS UP D" "STIXIntegralsUpD" "STIXINTEGRALS_UP_D" "STIXIntegralsUpD" "STIXINTEGRALS-UP-D" "STIXIntegralsUpD" "STIXINTEGRALSUPSM" "STIXIntegralsUpSm" "STIXINTEGRALS UP SM" "STIXIntegralsUpSm" "STIXINTEGRALS_UP_SM" "STIXIntegralsUpSm" "STIXINTEGRALS-UP-SM" "STIXIntegralsUpSm" "STIXNONUNICODE" "STIXNonUnicode" "STIXNON UNICODE" "STIXNonUnicode" "STIXNON_UNICODE" "STIXNonUnicode" "STIXNON-UNICODE" "STIXNonUnicode" "STIXSIZEFIVESYM" "STIXSizeFiveSym" "STIXSIZE FIVE SYM" "STIXSizeFiveSym" "STIXSIZE_FIVE_SYM" "STIXSizeFiveSym" "STIXSIZE-FIVE-SYM" "STIXSizeFiveSym" "STIXSIZEFOURSYM" "STIXSizeFourSym" "STIXSIZE FOUR SYM" "STIXSizeFourSym" "STIXSIZE_FOUR_SYM" "STIXSizeFourSym" "STIXSIZE-FOUR-SYM" "STIXSizeFourSym" "STIXSIZEONESYM" "STIXSizeOneSym" "STIXSIZE ONE SYM" "STIXSizeOneSym" "STIXSIZE_ONE_SYM" "STIXSizeOneSym" "STIXSIZE-ONE-SYM" "STIXSizeOneSym" "STIXSIZETHREESYM" "STIXSizeThreeSym" "STIXSIZE THREE SYM" "STIXSizeThreeSym" "STIXSIZE_THREE_SYM" "STIXSizeThreeSym" "STIXSIZE-THREE-SYM" "STIXSizeThreeSym" "STIXSIZETWOSYM" "STIXSizeTwoSym" "STIXSIZE TWO SYM" "STIXSizeTwoSym" "STIXSIZE_TWO_SYM" "STIXSizeTwoSym" "STIXSIZE-TWO-SYM" "STIXSizeTwoSym" "STIXVARIANTS" "STIXVariants" "STKAITI" "STKaiti" "STSONG" "STSong" "SANA" "Sana" "SATHU" "Sathu" "SAVOYE LET" "Savoye LET" "SAVOYELET" "Savoye LET" "SAVOYE_LET" "Savoye LET" "SAVOYE-LET" "Savoye LET" "SERAVEK" "Seravek" "SHREE DEVANAGARI 714" "Shree Devanagari 714" "SHREEDEVANAGARI714" "Shree Devanagari 714" "SHREE_DEVANAGARI_714" "Shree Devanagari 714" "SHREE-DEVANAGARI-714" "Shree Devanagari 714" "SIGNPAINTER" "SignPainter" "SIGN PAINTER" "SignPainter" "SIGN_PAINTER" "SignPainter" "SIGN-PAINTER" "SignPainter" "SILOM" "Silom" "SIMHEI" "SimHei" "SIM HEI" "SimHei" "SIM_HEI" "SimHei" "SIM-HEI" "SimHei" "SIMSUN" "SimSun" "SIM SUN" "SimSun" "SIM_SUN" "SimSun" "SIM-SUN" "SimSun" "SIMSUN-EXTB" "SimSun-ExtB" "SIM SUN-EXT B" "SimSun-ExtB" "SIM_SUN-EXT_B" "SimSun-ExtB" "SIM-SUN-EXT-B" "SimSun-ExtB" "SINHALA MN" "Sinhala MN" "SINHALAMN" "Sinhala MN" "SINHALA_MN" "Sinhala MN" "SINHALA-MN" "Sinhala MN" "SINHALA SANGAM MN" "Sinhala Sangam MN" "SINHALASANGAMMN" "Sinhala Sangam MN" "SINHALA_SANGAM_MN" "Sinhala Sangam MN" "SINHALA-SANGAM-MN" "Sinhala Sangam MN" "SKIA" "Skia" "SNELL ROUNDHAND" "Snell Roundhand" "SNELLROUNDHAND" "Snell Roundhand" "SNELL_ROUNDHAND" "Snell Roundhand" "SNELL-ROUNDHAND" "Snell Roundhand" "SONGTI SC" "Songti SC" "SONGTISC" "Songti SC" "SONGTI_SC" "Songti SC" "SONGTI-SC" "Songti SC" "SONGTI TC" "Songti TC" "SONGTITC" "Songti TC" "SONGTI_TC" "Songti TC" "SONGTI-TC" "Songti TC" "SOURCE CODE PRO" "Source Code Pro" "SOURCECODEPRO" "Source Code Pro" "SOURCE_CODE_PRO" "Source Code Pro" "SOURCE-CODE-PRO" "Source Code Pro" "SOURCE CODE PRO FOR POWERLINE" "Source Code Pro for Powerline" "SOURCECODEPROFORPOWERLINE" "Source Code Pro for Powerline" "SOURCE_CODE_PRO_FOR_POWERLINE" "Source Code Pro for Powerline" "SOURCE-CODE-PRO-FOR-POWERLINE" "Source Code Pro for Powerline" "STENCIL" "Stencil" "SUKHUMVIT SET" "Sukhumvit Set" "SUKHUMVITSET" "Sukhumvit Set" "SUKHUMVIT_SET" "Sukhumvit Set" "SUKHUMVIT-SET" "Sukhumvit Set" "SUPERCLARENDON" "Superclarendon" "SYMBOL" "Symbol" "SYMBOLA" "Symbola" "TAHOMA" "Tahoma" "TAMIL MN" "Tamil MN" "TAMILMN" "Tamil MN" "TAMIL_MN" "Tamil MN" "TAMIL-MN" "Tamil MN" "TAMIL SANGAM MN" "Tamil Sangam MN" "TAMILSANGAMMN" "Tamil Sangam MN" "TAMIL_SANGAM_MN" "Tamil Sangam MN" "TAMIL-SANGAM-MN" "Tamil Sangam MN" "TELUGU MN" "Telugu MN" "TELUGUMN" "Telugu MN" "TELUGU_MN" "Telugu MN" "TELUGU-MN" "Telugu MN" "TELUGU SANGAM MN" "Telugu Sangam MN" "TELUGUSANGAMMN" "Telugu Sangam MN" "TELUGU_SANGAM_MN" "Telugu Sangam MN" "TELUGU-SANGAM-MN" "Telugu Sangam MN" "THONBURI" "Thonburi" "TIMES" "Times" "TIMES NEW ROMAN" "Times New Roman" "TIMESNEWROMAN" "Times New Roman" "TIMES_NEW_ROMAN" "Times New Roman" "TIMES-NEW-ROMAN" "Times New Roman" "TRATTATELLO" "Trattatello" "TREBUCHET MS" "Trebuchet MS" "TREBUCHETMS" "Trebuchet MS" "TREBUCHET_MS" "Trebuchet MS" "TREBUCHET-MS" "Trebuchet MS" "TW CEN MT" "Tw Cen MT" "TWCENMT" "Tw Cen MT" "TW_CEN_MT" "Tw Cen MT" "TW-CEN-MT" "Tw Cen MT" "VERDANA" "Verdana" "WASEEM" "Waseem" "WAWATI SC" "Wawati SC" "WAWATISC" "Wawati SC" "WAWATI_SC" "Wawati SC" "WAWATI-SC" "Wawati SC" "WAWATI TC" "Wawati TC" "WAWATITC" "Wawati TC" "WAWATI_TC" "Wawati TC" "WAWATI-TC" "Wawati TC" "WEBDINGS" "Webdings" "WEIBEI SC" "Weibei SC" "WEIBEISC" "Weibei SC" "WEIBEI_SC" "Weibei SC" "WEIBEI-SC" "Weibei SC" "WEIBEI TC" "Weibei TC" "WEIBEITC" "Weibei TC" "WEIBEI_TC" "Weibei TC" "WEIBEI-TC" "Weibei TC" "WIDE LATIN" "Wide Latin" "WIDELATIN" "Wide Latin" "WIDE_LATIN" "Wide Latin" "WIDE-LATIN" "Wide Latin" "WINGDINGS" "Wingdings" "WINGDINGS 2" "Wingdings 2" "WINGDINGS2" "Wingdings 2" "WINGDINGS_2" "Wingdings 2" "WINGDINGS-2" "Wingdings 2" "WINGDINGS 3" "Wingdings 3" "WINGDINGS3" "Wingdings 3" "WINGDINGS_3" "Wingdings 3" "WINGDINGS-3" "Wingdings 3" "XITS" "XITS" "XITS MATH" "XITS Math" "XITSMATH" "XITS Math" "XITS_MATH" "XITS Math" "XITS-MATH" "XITS Math" "XINGKAI SC" "Xingkai SC" "XINGKAISC" "Xingkai SC" "XINGKAI_SC" "Xingkai SC" "XINGKAI-SC" "Xingkai SC" "YUGOTHIC" "YuGothic" "YU GOTHIC" "YuGothic" "YU_GOTHIC" "YuGothic" "YU-GOTHIC" "YuGothic" "YUMINCHO" "YuMincho" "YU MINCHO" "YuMincho" "YU_MINCHO" "YuMincho" "YU-MINCHO" "YuMincho" "YUANTI SC" "Yuanti SC" "YUANTISC" "Yuanti SC" "YUANTI_SC" "Yuanti SC" "YUANTI-SC" "Yuanti SC" "YUPPY SC" "Yuppy SC" "YUPPYSC" "Yuppy SC" "YUPPY_SC" "Yuppy SC" "YUPPY-SC" "Yuppy SC" "YUPPY TC" "Yuppy TC" "YUPPYTC" "Yuppy TC" "YUPPY_TC" "Yuppy TC" "YUPPY-TC" "Yuppy TC" "ZAPF DINGBATS" "Zapf Dingbats" "ZAPFDINGBATS" "Zapf Dingbats" "ZAPF_DINGBATS" "Zapf Dingbats" "ZAPF-DINGBATS" "Zapf Dingbats" "ZAPFINO" "Zapfino"))] font-utils-data-version [object pcache-entry "pcache-entry" 1434773939.168174 7776000 "0.7.2"] checksum-mac [object pcache-entry "pcache-entry" 1434773939.163948 7776000 "fc3aeeae25124b0a0b5022467765140e"] font-names-mac [object pcache-entry "pcache-entry" 1434773939.16803 7776000 #s(hash-table size 1625 test equal rehash-size 1.5 rehash-threshold 0.8 data ("ABADI MT CONDENSED EXTRA BOLD" "Abadi MT Condensed Extra Bold" "ABADIMTCONDENSEDEXTRABOLD" "Abadi MT Condensed Extra Bold" "ABADI_MT_CONDENSED_EXTRA_BOLD" "Abadi MT Condensed Extra Bold" "ABADI-MT-CONDENSED-EXTRA-BOLD" "Abadi MT Condensed Extra Bold" "ABADI MT CONDENSED LIGHT" "Abadi MT Condensed Light" "ABADIMTCONDENSEDLIGHT" "Abadi MT Condensed Light" "ABADI_MT_CONDENSED_LIGHT" "Abadi MT Condensed Light" "ABADI-MT-CONDENSED-LIGHT" "Abadi MT Condensed Light" "AL BAYAN" "Al Bayan" "ALBAYAN" "Al Bayan" "AL_BAYAN" "Al Bayan" "AL-BAYAN" "Al Bayan" "AL NILE" "Al Nile" "ALNILE" "Al Nile" "AL_NILE" "Al Nile" "AL-NILE" "Al Nile" "AL TARIKH" "Al Tarikh" "ALTARIKH" "Al Tarikh" "AL_TARIKH" "Al Tarikh" "AL-TARIKH" "Al Tarikh" "AMERICAN TYPEWRITER" "American Typewriter" "AMERICANTYPEWRITER" "American Typewriter" "AMERICAN_TYPEWRITER" "American Typewriter" "AMERICAN-TYPEWRITER" "American Typewriter" "ANDALE MONO" "Andale Mono" "ANDALEMONO" "Andale Mono" "ANDALE_MONO" "Andale Mono" "ANDALE-MONO" "Andale Mono" "APPLE BRAILLE" "Apple Braille" "APPLEBRAILLE" "Apple Braille" "APPLE_BRAILLE" "Apple Braille" "APPLE-BRAILLE" "Apple Braille" "APPLE CHANCERY" "Apple Chancery" "APPLECHANCERY" "Apple Chancery" "APPLE_CHANCERY" "Apple Chancery" "APPLE-CHANCERY" "Apple Chancery" "APPLE COLOR EMOJI" "Apple Color Emoji" "APPLECOLOREMOJI" "Apple Color Emoji" "APPLE_COLOR_EMOJI" "Apple Color Emoji" "APPLE-COLOR-EMOJI" "Apple Color Emoji" "APPLE SD GOTHIC NEO" "Apple SD Gothic Neo" "APPLESDGOTHICNEO" "Apple SD Gothic Neo" "APPLE_SD_GOTHIC_NEO" "Apple SD Gothic Neo" "APPLE-SD-GOTHIC-NEO" "Apple SD Gothic Neo" "APPLE SYMBOLS" "Apple Symbols" "APPLESYMBOLS" "Apple Symbols" "APPLE_SYMBOLS" "Apple Symbols" "APPLE-SYMBOLS" "Apple Symbols" "APPLEGOTHIC" "AppleGothic" "APPLE GOTHIC" "AppleGothic" "APPLE_GOTHIC" "AppleGothic" "APPLE-GOTHIC" "AppleGothic" "APPLEMYUNGJO" "AppleMyungjo" "APPLE MYUNGJO" "AppleMyungjo" "APPLE_MYUNGJO" "AppleMyungjo" "APPLE-MYUNGJO" "AppleMyungjo" "ARIAL" "Arial" "ARIAL BLACK" "Arial Black" "ARIALBLACK" "Arial Black" "ARIAL_BLACK" "Arial Black" "ARIAL-BLACK" "Arial Black" "ARIAL HEBREW" "Arial Hebrew" "ARIALHEBREW" "Arial Hebrew" "ARIAL_HEBREW" "Arial Hebrew" "ARIAL-HEBREW" "Arial Hebrew" "ARIAL HEBREW SCHOLAR" "Arial Hebrew Scholar" "ARIALHEBREWSCHOLAR" "Arial Hebrew Scholar" "ARIAL_HEBREW_SCHOLAR" "Arial Hebrew Scholar" "ARIAL-HEBREW-SCHOLAR" "Arial Hebrew Scholar" "ARIAL NARROW" "Arial Narrow" "ARIALNARROW" "Arial Narrow" "ARIAL_NARROW" "Arial Narrow" "ARIAL-NARROW" "Arial Narrow" "ARIAL ROUNDED MT BOLD" "Arial Rounded MT Bold" "ARIALROUNDEDMTBOLD" "Arial Rounded MT Bold" "ARIAL_ROUNDED_MT_BOLD" "Arial Rounded MT Bold" "ARIAL-ROUNDED-MT-BOLD" "Arial Rounded MT Bold" "ARIAL UNICODE MS" "Arial Unicode MS" "ARIALUNICODEMS" "Arial Unicode MS" "ARIAL_UNICODE_MS" "Arial Unicode MS" "ARIAL-UNICODE-MS" "Arial Unicode MS" "ATHELAS" "Athelas" "AVENIR" "Avenir" "AVENIR NEXT" "Avenir Next" "AVENIRNEXT" "Avenir Next" "AVENIR_NEXT" "Avenir Next" "AVENIR-NEXT" "Avenir Next" "AVENIR NEXT CONDENSED" "Avenir Next Condensed" "AVENIRNEXTCONDENSED" "Avenir Next Condensed" "AVENIR_NEXT_CONDENSED" "Avenir Next Condensed" "AVENIR-NEXT-CONDENSED" "Avenir Next Condensed" "AYUTHAYA" "Ayuthaya" "BAGHDAD" "Baghdad" "BANGLA MN" "Bangla MN" "BANGLAMN" "Bangla MN" "BANGLA_MN" "Bangla MN" "BANGLA-MN" "Bangla MN" "BANGLA SANGAM MN" "Bangla Sangam MN" "BANGLASANGAMMN" "Bangla Sangam MN" "BANGLA_SANGAM_MN" "Bangla Sangam MN" "BANGLA-SANGAM-MN" "Bangla Sangam MN" "BAOLI SC" "Baoli SC" "BAOLISC" "Baoli SC" "BAOLI_SC" "Baoli SC" "BAOLI-SC" "Baoli SC" "BASKERVILLE" "Baskerville" "BASKERVILLE OLD FACE" "Baskerville Old Face" "BASKERVILLEOLDFACE" "Baskerville Old Face" "BASKERVILLE_OLD_FACE" "Baskerville Old Face" "BASKERVILLE-OLD-FACE" "Baskerville Old Face" "BATANG" "Batang" "BAUHAUS 93" "Bauhaus 93" "BAUHAUS93" "Bauhaus 93" "BAUHAUS_93" "Bauhaus 93" "BAUHAUS-93" "Bauhaus 93" "BEIRUT" "Beirut" "BELL MT" "Bell MT" "BELLMT" "Bell MT" "BELL_MT" "Bell MT" "BELL-MT" "Bell MT" "BERNARD MT CONDENSED" "Bernard MT Condensed" "BERNARDMTCONDENSED" "Bernard MT Condensed" "BERNARD_MT_CONDENSED" "Bernard MT Condensed" "BERNARD-MT-CONDENSED" "Bernard MT Condensed" "BIG CASLON" "Big Caslon" "BIGCASLON" "Big Caslon" "BIG_CASLON" "Big Caslon" "BIG-CASLON" "Big Caslon" "BODONI 72" "Bodoni 72" "BODONI72" "Bodoni 72" "BODONI_72" "Bodoni 72" "BODONI-72" "Bodoni 72" "BODONI 72 OLDSTYLE" "Bodoni 72 Oldstyle" "BODONI72OLDSTYLE" "Bodoni 72 Oldstyle" "BODONI_72_OLDSTYLE" "Bodoni 72 Oldstyle" "BODONI-72-OLDSTYLE" "Bodoni 72 Oldstyle" "BODONI 72 SMALLCAPS" "Bodoni 72 Smallcaps" "BODONI72SMALLCAPS" "Bodoni 72 Smallcaps" "BODONI_72_SMALLCAPS" "Bodoni 72 Smallcaps" "BODONI-72-SMALLCAPS" "Bodoni 72 Smallcaps" "BODONI ORNAMENTS" "Bodoni Ornaments" "BODONIORNAMENTS" "Bodoni Ornaments" "BODONI_ORNAMENTS" "Bodoni Ornaments" "BODONI-ORNAMENTS" "Bodoni Ornaments" "BOOK ANTIQUA" "Book Antiqua" "BOOKANTIQUA" "Book Antiqua" "BOOK_ANTIQUA" "Book Antiqua" "BOOK-ANTIQUA" "Book Antiqua" "BOOKMAN OLD STYLE" "Bookman Old Style" "BOOKMANOLDSTYLE" "Bookman Old Style" "BOOKMAN_OLD_STYLE" "Bookman Old Style" "BOOKMAN-OLD-STYLE" "Bookman Old Style" "BOOKSHELF SYMBOL 7" "Bookshelf Symbol 7" "BOOKSHELFSYMBOL7" "Bookshelf Symbol 7" "BOOKSHELF_SYMBOL_7" "Bookshelf Symbol 7" "BOOKSHELF-SYMBOL-7" "Bookshelf Symbol 7" "BRADLEY HAND" "Bradley Hand" "BRADLEYHAND" "Bradley Hand" "BRADLEY_HAND" "Bradley Hand" "BRADLEY-HAND" "Bradley Hand" "BRAGGADOCIO" "Braggadocio" "BRITANNIC BOLD" "Britannic Bold" "BRITANNICBOLD" "Britannic Bold" "BRITANNIC_BOLD" "Britannic Bold" "BRITANNIC-BOLD" "Britannic Bold" "BRUSH SCRIPT MT" "Brush Script MT" "BRUSHSCRIPTMT" "Brush Script MT" "BRUSH_SCRIPT_MT" "Brush Script MT" "BRUSH-SCRIPT-MT" "Brush Script MT" "CALIBRI" "Calibri" "CALISTO MT" "Calisto MT" "CALISTOMT" "Calisto MT" "CALISTO_MT" "Calisto MT" "CALISTO-MT" "Calisto MT" "CAMBRIA" "Cambria" "CAMBRIA MATH" "Cambria Math" "CAMBRIAMATH" "Cambria Math" "CAMBRIA_MATH" "Cambria Math" "CAMBRIA-MATH" "Cambria Math" "CANDARA" "Candara" "CENTURY" "Century" "CENTURY GOTHIC" "Century Gothic" "CENTURYGOTHIC" "Century Gothic" "CENTURY_GOTHIC" "Century Gothic" "CENTURY-GOTHIC" "Century Gothic" "CENTURY SCHOOLBOOK" "Century Schoolbook" "CENTURYSCHOOLBOOK" "Century Schoolbook" "CENTURY_SCHOOLBOOK" "Century Schoolbook" "CENTURY-SCHOOLBOOK" "Century Schoolbook" "CHALKBOARD" "Chalkboard" "CHALKBOARD SE" "Chalkboard SE" "CHALKBOARDSE" "Chalkboard SE" "CHALKBOARD_SE" "Chalkboard SE" "CHALKBOARD-SE" "Chalkboard SE" "CHALKDUSTER" "Chalkduster" "CHARTER" "Charter" "COCHIN" "Cochin" "COLONNA MT" "Colonna MT" "COLONNAMT" "Colonna MT" "COLONNA_MT" "Colonna MT" "COLONNA-MT" "Colonna MT" "COMIC SANS MS" "Comic Sans MS" "COMICSANSMS" "Comic Sans MS" "COMIC_SANS_MS" "Comic Sans MS" "COMIC-SANS-MS" "Comic Sans MS" "CONSOLAS" "Consolas" "CONSTANTIA" "Constantia" "COOPER BLACK" "Cooper Black" "COOPERBLACK" "Cooper Black" "COOPER_BLACK" "Cooper Black" "COOPER-BLACK" "Cooper Black" "COPPERPLATE" "Copperplate" "COPPERPLATE GOTHIC BOLD" "Copperplate Gothic Bold" "COPPERPLATEGOTHICBOLD" "Copperplate Gothic Bold" "COPPERPLATE_GOTHIC_BOLD" "Copperplate Gothic Bold" "COPPERPLATE-GOTHIC-BOLD" "Copperplate Gothic Bold" "COPPERPLATE GOTHIC LIGHT" "Copperplate Gothic Light" "COPPERPLATEGOTHICLIGHT" "Copperplate Gothic Light" "COPPERPLATE_GOTHIC_LIGHT" "Copperplate Gothic Light" "COPPERPLATE-GOTHIC-LIGHT" "Copperplate Gothic Light" "CORBEL" "Corbel" "CORSIVA HEBREW" "Corsiva Hebrew" "CORSIVAHEBREW" "Corsiva Hebrew" "CORSIVA_HEBREW" "Corsiva Hebrew" "CORSIVA-HEBREW" "Corsiva Hebrew" "COURIER" "Courier" "COURIER NEW" "Courier New" "COURIERNEW" "Courier New" "COURIER_NEW" "Courier New" "COURIER-NEW" "Courier New" "CURLZ MT" "Curlz MT" "CURLZMT" "Curlz MT" "CURLZ_MT" "Curlz MT" "CURLZ-MT" "Curlz MT" "DIN ALTERNATE" "DIN Alternate" "DINALTERNATE" "DIN Alternate" "DIN_ALTERNATE" "DIN Alternate" "DIN-ALTERNATE" "DIN Alternate" "DIN CONDENSED" "DIN Condensed" "DINCONDENSED" "DIN Condensed" "DIN_CONDENSED" "DIN Condensed" "DIN-CONDENSED" "DIN Condensed" "DAMASCUS" "Damascus" "DECOTYPE NASKH" "DecoType Naskh" "DECOTYPENASKH" "DecoType Naskh" "DECOTYPE_NASKH" "DecoType Naskh" "DECOTYPE-NASKH" "DecoType Naskh" "DECO TYPE NASKH" "DecoType Naskh" "DECO_TYPE_NASKH" "DecoType Naskh" "DECO-TYPE-NASKH" "DecoType Naskh" "DEJAVU SANS" "DejaVu Sans" "DEJAVUSANS" "DejaVu Sans" "DEJAVU_SANS" "DejaVu Sans" "DEJAVU-SANS" "DejaVu Sans" "DEJA VU SANS" "DejaVu Sans" "DEJA_VU_SANS" "DejaVu Sans" "DEJA-VU-SANS" "DejaVu Sans" "DEJAVU SANS MONO" "DejaVu Sans Mono" "DEJAVUSANSMONO" "DejaVu Sans Mono" "DEJAVU_SANS_MONO" "DejaVu Sans Mono" "DEJAVU-SANS-MONO" "DejaVu Sans Mono" "DEJA VU SANS MONO" "DejaVu Sans Mono" "DEJA_VU_SANS_MONO" "DejaVu Sans Mono" "DEJA-VU-SANS-MONO" "DejaVu Sans Mono" "DEJAVU SERIF" "DejaVu Serif" "DEJAVUSERIF" "DejaVu Serif" "DEJAVU_SERIF" "DejaVu Serif" "DEJAVU-SERIF" "DejaVu Serif" "DEJA VU SERIF" "DejaVu Serif" "DEJA_VU_SERIF" "DejaVu Serif" "DEJA-VU-SERIF" "DejaVu Serif" "DESDEMONA" "Desdemona" "DEVANAGARI MT" "Devanagari MT" "DEVANAGARIMT" "Devanagari MT" "DEVANAGARI_MT" "Devanagari MT" "DEVANAGARI-MT" "Devanagari MT" "DEVANAGARI SANGAM MN" "Devanagari Sangam MN" "DEVANAGARISANGAMMN" "Devanagari Sangam MN" "DEVANAGARI_SANGAM_MN" "Devanagari Sangam MN" "DEVANAGARI-SANGAM-MN" "Devanagari Sangam MN" "DIDOT" "Didot" "DIWAN KUFI" "Diwan Kufi" "DIWANKUFI" "Diwan Kufi" "DIWAN_KUFI" "Diwan Kufi" "DIWAN-KUFI" "Diwan Kufi" "DIWAN THULUTH" "Diwan Thuluth" "DIWANTHULUTH" "Diwan Thuluth" "DIWAN_THULUTH" "Diwan Thuluth" "DIWAN-THULUTH" "Diwan Thuluth" "EDWARDIAN SCRIPT ITC" "Edwardian Script ITC" "EDWARDIANSCRIPTITC" "Edwardian Script ITC" "EDWARDIAN_SCRIPT_ITC" "Edwardian Script ITC" "EDWARDIAN-SCRIPT-ITC" "Edwardian Script ITC" "ENGRAVERS MT" "Engravers MT" "ENGRAVERSMT" "Engravers MT" "ENGRAVERS_MT" "Engravers MT" "ENGRAVERS-MT" "Engravers MT" "EUPHEMIA UCAS" "Euphemia UCAS" "EUPHEMIAUCAS" "Euphemia UCAS" "EUPHEMIA_UCAS" "Euphemia UCAS" "EUPHEMIA-UCAS" "Euphemia UCAS" "EUROSTILE" "Eurostile" "FARAH" "Farah" "FARISI" "Farisi" "FOOTLIGHT MT LIGHT" "Footlight MT Light" "FOOTLIGHTMTLIGHT" "Footlight MT Light" "FOOTLIGHT_MT_LIGHT" "Footlight MT Light" "FOOTLIGHT-MT-LIGHT" "Footlight MT Light" "FRANKLIN GOTHIC BOOK" "Franklin Gothic Book" "FRANKLINGOTHICBOOK" "Franklin Gothic Book" "FRANKLIN_GOTHIC_BOOK" "Franklin Gothic Book" "FRANKLIN-GOTHIC-BOOK" "Franklin Gothic Book" "FRANKLIN GOTHIC MEDIUM" "Franklin Gothic Medium" "FRANKLINGOTHICMEDIUM" "Franklin Gothic Medium" "FRANKLIN_GOTHIC_MEDIUM" "Franklin Gothic Medium" "FRANKLIN-GOTHIC-MEDIUM" "Franklin Gothic Medium" "FUTURA" "Futura" "GB18030 BITMAP" "GB18030 Bitmap" "GB18030BITMAP" "GB18030 Bitmap" "GB18030_BITMAP" "GB18030 Bitmap" "GB18030-BITMAP" "GB18030 Bitmap" "GABRIOLA" "Gabriola" "GARAMOND" "Garamond" "GEEZA PRO" "Geeza Pro" "GEEZAPRO" "Geeza Pro" "GEEZA_PRO" "Geeza Pro" "GEEZA-PRO" "Geeza Pro" "GENEVA" "Geneva" "GENTIUM BOOK BASIC" "Gentium Book Basic" "GENTIUMBOOKBASIC" "Gentium Book Basic" "GENTIUM_BOOK_BASIC" "Gentium Book Basic" "GENTIUM-BOOK-BASIC" "Gentium Book Basic" "GEORGIA" "Georgia" "GILL SANS" "Gill Sans" "GILLSANS" "Gill Sans" "GILL_SANS" "Gill Sans" "GILL-SANS" "Gill Sans" "GILL SANS MT" "Gill Sans MT" "GILLSANSMT" "Gill Sans MT" "GILL_SANS_MT" "Gill Sans MT" "GILL-SANS-MT" "Gill Sans MT" "GLOUCESTER MT EXTRA CONDENSED" "Gloucester MT Extra Condensed" "GLOUCESTERMTEXTRACONDENSED" "Gloucester MT Extra Condensed" "GLOUCESTER_MT_EXTRA_CONDENSED" "Gloucester MT Extra Condensed" "GLOUCESTER-MT-EXTRA-CONDENSED" "Gloucester MT Extra Condensed" "GOUDY OLD STYLE" "Goudy Old Style" "GOUDYOLDSTYLE" "Goudy Old Style" "GOUDY_OLD_STYLE" "Goudy Old Style" "GOUDY-OLD-STYLE" "Goudy Old Style" "GUJARATI MT" "Gujarati MT" "GUJARATIMT" "Gujarati MT" "GUJARATI_MT" "Gujarati MT" "GUJARATI-MT" "Gujarati MT" "GUJARATI SANGAM MN" "Gujarati Sangam MN" "GUJARATISANGAMMN" "Gujarati Sangam MN" "GUJARATI_SANGAM_MN" "Gujarati Sangam MN" "GUJARATI-SANGAM-MN" "Gujarati Sangam MN" "GULIM" "Gulim" "GUNGSEO" "GungSeo" "GUNG SEO" "GungSeo" "GUNG_SEO" "GungSeo" "GUNG-SEO" "GungSeo" "GURMUKHI MN" "Gurmukhi MN" "GURMUKHIMN" "Gurmukhi MN" "GURMUKHI_MN" "Gurmukhi MN" "GURMUKHI-MN" "Gurmukhi MN" "GURMUKHI MT" "Gurmukhi MT" "GURMUKHIMT" "Gurmukhi MT" "GURMUKHI_MT" "Gurmukhi MT" "GURMUKHI-MT" "Gurmukhi MT" "GURMUKHI SANGAM MN" "Gurmukhi Sangam MN" "GURMUKHISANGAMMN" "Gurmukhi Sangam MN" "GURMUKHI_SANGAM_MN" "Gurmukhi Sangam MN" "GURMUKHI-SANGAM-MN" "Gurmukhi Sangam MN" "HAETTENSCHWEILER" "Haettenschweiler" "HANNOTATE SC" "Hannotate SC" "HANNOTATESC" "Hannotate SC" "HANNOTATE_SC" "Hannotate SC" "HANNOTATE-SC" "Hannotate SC" "HANNOTATE TC" "Hannotate TC" "HANNOTATETC" "Hannotate TC" "HANNOTATE_TC" "Hannotate TC" "HANNOTATE-TC" "Hannotate TC" "HANZIPEN SC" "HanziPen SC" "HANZIPENSC" "HanziPen SC" "HANZIPEN_SC" "HanziPen SC" "HANZIPEN-SC" "HanziPen SC" "HANZI PEN SC" "HanziPen SC" "HANZI_PEN_SC" "HanziPen SC" "HANZI-PEN-SC" "HanziPen SC" "HANZIPEN TC" "HanziPen TC" "HANZIPENTC" "HanziPen TC" "HANZIPEN_TC" "HanziPen TC" "HANZIPEN-TC" "HanziPen TC" "HANZI PEN TC" "HanziPen TC" "HANZI_PEN_TC" "HanziPen TC" "HANZI-PEN-TC" "HanziPen TC" "HARRINGTON" "Harrington" "HEADLINEA" "HeadLineA" "HEAD LINE A" "HeadLineA" "HEAD_LINE_A" "HeadLineA" "HEAD-LINE-A" "HeadLineA" "HEITI SC" "Heiti SC" "HEITISC" "Heiti SC" "HEITI_SC" "Heiti SC" "HEITI-SC" "Heiti SC" "HEITI TC" "Heiti TC" "HEITITC" "Heiti TC" "HEITI_TC" "Heiti TC" "HEITI-TC" "Heiti TC" "HELVETICA" "Helvetica" "HELVETICA NEUE" "Helvetica Neue" "HELVETICANEUE" "Helvetica Neue" "HELVETICA_NEUE" "Helvetica Neue" "HELVETICA-NEUE" "Helvetica Neue" "HERCULANUM" "Herculanum" "HIRAGINO KAKU GOTHIC PRO" "Hiragino Kaku Gothic Pro" "HIRAGINOKAKUGOTHICPRO" "Hiragino Kaku Gothic Pro" "HIRAGINO_KAKU_GOTHIC_PRO" "Hiragino Kaku Gothic Pro" "HIRAGINO-KAKU-GOTHIC-PRO" "Hiragino Kaku Gothic Pro" "HIRAGINO KAKU GOTHIC PRON" "Hiragino Kaku Gothic ProN" "HIRAGINOKAKUGOTHICPRON" "Hiragino Kaku Gothic ProN" "HIRAGINO_KAKU_GOTHIC_PRON" "Hiragino Kaku Gothic ProN" "HIRAGINO-KAKU-GOTHIC-PRON" "Hiragino Kaku Gothic ProN" "HIRAGINO KAKU GOTHIC PRO N" "Hiragino Kaku Gothic ProN" "HIRAGINO_KAKU_GOTHIC_PRO_N" "Hiragino Kaku Gothic ProN" "HIRAGINO-KAKU-GOTHIC-PRO-N" "Hiragino Kaku Gothic ProN" "HIRAGINO KAKU GOTHIC STD" "Hiragino Kaku Gothic Std" "HIRAGINOKAKUGOTHICSTD" "Hiragino Kaku Gothic Std" "HIRAGINO_KAKU_GOTHIC_STD" "Hiragino Kaku Gothic Std" "HIRAGINO-KAKU-GOTHIC-STD" "Hiragino Kaku Gothic Std" "HIRAGINO KAKU GOTHIC STDN" "Hiragino Kaku Gothic StdN" "HIRAGINOKAKUGOTHICSTDN" "Hiragino Kaku Gothic StdN" "HIRAGINO_KAKU_GOTHIC_STDN" "Hiragino Kaku Gothic StdN" "HIRAGINO-KAKU-GOTHIC-STDN" "Hiragino Kaku Gothic StdN" "HIRAGINO KAKU GOTHIC STD N" "Hiragino Kaku Gothic StdN" "HIRAGINO_KAKU_GOTHIC_STD_N" "Hiragino Kaku Gothic StdN" "HIRAGINO-KAKU-GOTHIC-STD-N" "Hiragino Kaku Gothic StdN" "HIRAGINO MARU GOTHIC PRO" "Hiragino Maru Gothic Pro" "HIRAGINOMARUGOTHICPRO" "Hiragino Maru Gothic Pro" "HIRAGINO_MARU_GOTHIC_PRO" "Hiragino Maru Gothic Pro" "HIRAGINO-MARU-GOTHIC-PRO" "Hiragino Maru Gothic Pro" "HIRAGINO MARU GOTHIC PRON" "Hiragino Maru Gothic ProN" "HIRAGINOMARUGOTHICPRON" "Hiragino Maru Gothic ProN" "HIRAGINO_MARU_GOTHIC_PRON" "Hiragino Maru Gothic ProN" "HIRAGINO-MARU-GOTHIC-PRON" "Hiragino Maru Gothic ProN" "HIRAGINO MARU GOTHIC PRO N" "Hiragino Maru Gothic ProN" "HIRAGINO_MARU_GOTHIC_PRO_N" "Hiragino Maru Gothic ProN" "HIRAGINO-MARU-GOTHIC-PRO-N" "Hiragino Maru Gothic ProN" "HIRAGINO MINCHO PRO" "Hiragino Mincho Pro" "HIRAGINOMINCHOPRO" "Hiragino Mincho Pro" "HIRAGINO_MINCHO_PRO" "Hiragino Mincho Pro" "HIRAGINO-MINCHO-PRO" "Hiragino Mincho Pro" "HIRAGINO MINCHO PRON" "Hiragino Mincho ProN" "HIRAGINOMINCHOPRON" "Hiragino Mincho ProN" "HIRAGINO_MINCHO_PRON" "Hiragino Mincho ProN" "HIRAGINO-MINCHO-PRON" "Hiragino Mincho ProN" "HIRAGINO MINCHO PRO N" "Hiragino Mincho ProN" "HIRAGINO_MINCHO_PRO_N" "Hiragino Mincho ProN" "HIRAGINO-MINCHO-PRO-N" "Hiragino Mincho ProN" "HIRAGINO SANS GB" "Hiragino Sans GB" "HIRAGINOSANSGB" "Hiragino Sans GB" "HIRAGINO_SANS_GB" "Hiragino Sans GB" "HIRAGINO-SANS-GB" "Hiragino Sans GB" "HOEFLER TEXT" "Hoefler Text" "HOEFLERTEXT" "Hoefler Text" "HOEFLER_TEXT" "Hoefler Text" "HOEFLER-TEXT" "Hoefler Text" "ITF DEVANAGARI" "ITF Devanagari" "ITFDEVANAGARI" "ITF Devanagari" "ITF_DEVANAGARI" "ITF Devanagari" "ITF-DEVANAGARI" "ITF Devanagari" "IMPACT" "Impact" "IMPRINT MT SHADOW" "Imprint MT Shadow" "IMPRINTMTSHADOW" "Imprint MT Shadow" "IMPRINT_MT_SHADOW" "Imprint MT Shadow" "IMPRINT-MT-SHADOW" "Imprint MT Shadow" "INAIMATHI" "InaiMathi" "INAI MATHI" "InaiMathi" "INAI_MATHI" "InaiMathi" "INAI-MATHI" "InaiMathi" "INCONSOLATA" "Inconsolata" "INCONSOLATA FOR POWERLINE" "Inconsolata for Powerline" "INCONSOLATAFORPOWERLINE" "Inconsolata for Powerline" "INCONSOLATA_FOR_POWERLINE" "Inconsolata for Powerline" "INCONSOLATA-FOR-POWERLINE" "Inconsolata for Powerline" "IOWAN OLD STYLE" "Iowan Old Style" "IOWANOLDSTYLE" "Iowan Old Style" "IOWAN_OLD_STYLE" "Iowan Old Style" "IOWAN-OLD-STYLE" "Iowan Old Style" "KAILASA" "Kailasa" "KAITI SC" "Kaiti SC" "KAITISC" "Kaiti SC" "KAITI_SC" "Kaiti SC" "KAITI-SC" "Kaiti SC" "KAITI TC" "Kaiti TC" "KAITITC" "Kaiti TC" "KAITI_TC" "Kaiti TC" "KAITI-TC" "Kaiti TC" "KANNADA MN" "Kannada MN" "KANNADAMN" "Kannada MN" "KANNADA_MN" "Kannada MN" "KANNADA-MN" "Kannada MN" "KANNADA SANGAM MN" "Kannada Sangam MN" "KANNADASANGAMMN" "Kannada Sangam MN" "KANNADA_SANGAM_MN" "Kannada Sangam MN" "KANNADA-SANGAM-MN" "Kannada Sangam MN" "KEFA" "Kefa" "KHMER MN" "Khmer MN" "KHMERMN" "Khmer MN" "KHMER_MN" "Khmer MN" "KHMER-MN" "Khmer MN" "KHMER SANGAM MN" "Khmer Sangam MN" "KHMERSANGAMMN" "Khmer Sangam MN" "KHMER_SANGAM_MN" "Khmer Sangam MN" "KHMER-SANGAM-MN" "Khmer Sangam MN" "KINO MT" "Kino MT" "KINOMT" "Kino MT" "KINO_MT" "Kino MT" "KINO-MT" "Kino MT" "KOHINOOR DEVANAGARI" "Kohinoor Devanagari" "KOHINOORDEVANAGARI" "Kohinoor Devanagari" "KOHINOOR_DEVANAGARI" "Kohinoor Devanagari" "KOHINOOR-DEVANAGARI" "Kohinoor Devanagari" "KOKONOR" "Kokonor" "KRUNGTHEP" "Krungthep" "KUFISTANDARDGK" "KufiStandardGK" "KUFI STANDARD GK" "KufiStandardGK" "KUFI_STANDARD_GK" "KufiStandardGK" "KUFI-STANDARD-GK" "KufiStandardGK" "LANTINGHEI SC" "Lantinghei SC" "LANTINGHEISC" "Lantinghei SC" "LANTINGHEI_SC" "Lantinghei SC" "LANTINGHEI-SC" "Lantinghei SC" "LANTINGHEI TC" "Lantinghei TC" "LANTINGHEITC" "Lantinghei TC" "LANTINGHEI_TC" "Lantinghei TC" "LANTINGHEI-TC" "Lantinghei TC" "LAO MN" "Lao MN" "LAOMN" "Lao MN" "LAO_MN" "Lao MN" "LAO-MN" "Lao MN" "LAO SANGAM MN" "Lao Sangam MN" "LAOSANGAMMN" "Lao Sangam MN" "LAO_SANGAM_MN" "Lao Sangam MN" "LAO-SANGAM-MN" "Lao Sangam MN" "LATO" "Lato" "LIHEI PRO" "LiHei Pro" "LIHEIPRO" "LiHei Pro" "LIHEI_PRO" "LiHei Pro" "LIHEI-PRO" "LiHei Pro" "LI HEI PRO" "LiHei Pro" "LI_HEI_PRO" "LiHei Pro" "LI-HEI-PRO" "LiHei Pro" "LISONG PRO" "LiSong Pro" "LISONGPRO" "LiSong Pro" "LISONG_PRO" "LiSong Pro" "LISONG-PRO" "LiSong Pro" "LI SONG PRO" "LiSong Pro" "LI_SONG_PRO" "LiSong Pro" "LI-SONG-PRO" "LiSong Pro" "LIBIAN SC" "Libian SC" "LIBIANSC" "Libian SC" "LIBIAN_SC" "Libian SC" "LIBIAN-SC" "Libian SC" "LUCIDA BLACKLETTER" "Lucida Blackletter" "LUCIDABLACKLETTER" "Lucida Blackletter" "LUCIDA_BLACKLETTER" "Lucida Blackletter" "LUCIDA-BLACKLETTER" "Lucida Blackletter" "LUCIDA BRIGHT" "Lucida Bright" "LUCIDABRIGHT" "Lucida Bright" "LUCIDA_BRIGHT" "Lucida Bright" "LUCIDA-BRIGHT" "Lucida Bright" "LUCIDA CALLIGRAPHY" "Lucida Calligraphy" "LUCIDACALLIGRAPHY" "Lucida Calligraphy" "LUCIDA_CALLIGRAPHY" "Lucida Calligraphy" "LUCIDA-CALLIGRAPHY" "Lucida Calligraphy" "LUCIDA CONSOLE" "Lucida Console" "LUCIDACONSOLE" "Lucida Console" "LUCIDA_CONSOLE" "Lucida Console" "LUCIDA-CONSOLE" "Lucida Console" "LUCIDA FAX" "Lucida Fax" "LUCIDAFAX" "Lucida Fax" "LUCIDA_FAX" "Lucida Fax" "LUCIDA-FAX" "Lucida Fax" "LUCIDA GRANDE" "Lucida Grande" "LUCIDAGRANDE" "Lucida Grande" "LUCIDA_GRANDE" "Lucida Grande" "LUCIDA-GRANDE" "Lucida Grande" "LUCIDA HANDWRITING" "Lucida Handwriting" "LUCIDAHANDWRITING" "Lucida Handwriting" "LUCIDA_HANDWRITING" "Lucida Handwriting" "LUCIDA-HANDWRITING" "Lucida Handwriting" "LUCIDA SANS" "Lucida Sans" "LUCIDASANS" "Lucida Sans" "LUCIDA_SANS" "Lucida Sans" "LUCIDA-SANS" "Lucida Sans" "LUCIDA SANS TYPEWRITER" "Lucida Sans Typewriter" "LUCIDASANSTYPEWRITER" "Lucida Sans Typewriter" "LUCIDA_SANS_TYPEWRITER" "Lucida Sans Typewriter" "LUCIDA-SANS-TYPEWRITER" "Lucida Sans Typewriter" "LUCIDA SANS UNICODE" "Lucida Sans Unicode" "LUCIDASANSUNICODE" "Lucida Sans Unicode" "LUCIDA_SANS_UNICODE" "Lucida Sans Unicode" "LUCIDA-SANS-UNICODE" "Lucida Sans Unicode" "LUMINARI" "Luminari" "MS GOTHIC" "MS Gothic" "MSGOTHIC" "MS Gothic" "MS_GOTHIC" "MS Gothic" "MS-GOTHIC" "MS Gothic" "MS MINCHO" "MS Mincho" "MSMINCHO" "MS Mincho" "MS_MINCHO" "MS Mincho" "MS-MINCHO" "MS Mincho" "MS PGOTHIC" "MS PGothic" "MSPGOTHIC" "MS PGothic" "MS_PGOTHIC" "MS PGothic" "MS-PGOTHIC" "MS PGothic" "MS PMINCHO" "MS PMincho" "MSPMINCHO" "MS PMincho" "MS_PMINCHO" "MS PMincho" "MS-PMINCHO" "MS PMincho" "MS REFERENCE SANS SERIF" "MS Reference Sans Serif" "MSREFERENCESANSSERIF" "MS Reference Sans Serif" "MS_REFERENCE_SANS_SERIF" "MS Reference Sans Serif" "MS-REFERENCE-SANS-SERIF" "MS Reference Sans Serif" "MS REFERENCE SPECIALTY" "MS Reference Specialty" "MSREFERENCESPECIALTY" "MS Reference Specialty" "MS_REFERENCE_SPECIALTY" "MS Reference Specialty" "MS-REFERENCE-SPECIALTY" "MS Reference Specialty" "MT EXTRA" "MT Extra" "MTEXTRA" "MT Extra" "MT_EXTRA" "MT Extra" "MT-EXTRA" "MT Extra" "MALAYALAM MN" "Malayalam MN" "MALAYALAMMN" "Malayalam MN" "MALAYALAM_MN" "Malayalam MN" "MALAYALAM-MN" "Malayalam MN" "MALAYALAM SANGAM MN" "Malayalam Sangam MN" "MALAYALAMSANGAMMN" "Malayalam Sangam MN" "MALAYALAM_SANGAM_MN" "Malayalam Sangam MN" "MALAYALAM-SANGAM-MN" "Malayalam Sangam MN" "MARION" "Marion" "MARKER FELT" "Marker Felt" "MARKERFELT" "Marker Felt" "MARKER_FELT" "Marker Felt" "MARKER-FELT" "Marker Felt" "MARLETT" "Marlett" "MATURA MT SCRIPT CAPITALS" "Matura MT Script Capitals" "MATURAMTSCRIPTCAPITALS" "Matura MT Script Capitals" "MATURA_MT_SCRIPT_CAPITALS" "Matura MT Script Capitals" "MATURA-MT-SCRIPT-CAPITALS" "Matura MT Script Capitals" "MEIRYO" "Meiryo" "MENLO" "Menlo" "MICROSOFT HIMALAYA" "Microsoft Himalaya" "MICROSOFTHIMALAYA" "Microsoft Himalaya" "MICROSOFT_HIMALAYA" "Microsoft Himalaya" "MICROSOFT-HIMALAYA" "Microsoft Himalaya" "MICROSOFT SANS SERIF" "Microsoft Sans Serif" "MICROSOFTSANSSERIF" "Microsoft Sans Serif" "MICROSOFT_SANS_SERIF" "Microsoft Sans Serif" "MICROSOFT-SANS-SERIF" "Microsoft Sans Serif" "MICROSOFT TAI LE" "Microsoft Tai Le" "MICROSOFTTAILE" "Microsoft Tai Le" "MICROSOFT_TAI_LE" "Microsoft Tai Le" "MICROSOFT-TAI-LE" "Microsoft Tai Le" "MICROSOFT YI BAITI" "Microsoft Yi Baiti" "MICROSOFTYIBAITI" "Microsoft Yi Baiti" "MICROSOFT_YI_BAITI" "Microsoft Yi Baiti" "MICROSOFT-YI-BAITI" "Microsoft Yi Baiti" "MINGLIU" "MingLiU" "MING LI U" "MingLiU" "MING_LI_U" "MingLiU" "MING-LI-U" "MingLiU" "MINGLIU-EXTB" "MingLiU-ExtB" "MING LI U-EXT B" "MingLiU-ExtB" "MING_LI_U-EXT_B" "MingLiU-ExtB" "MING-LI-U-EXT-B" "MingLiU-ExtB" "MINGLIU_HKSCS" "MingLiU_HKSCS" "MINGLIUHKSCS" "MingLiU_HKSCS" "MINGLIU HKSCS" "MingLiU_HKSCS" "MINGLIU-HKSCS" "MingLiU_HKSCS" "MING LI U_HKSCS" "MingLiU_HKSCS" "MING_LI_U_HKSCS" "MingLiU_HKSCS" "MING LI U HKSCS" "MingLiU_HKSCS" "MING-LI-U_HKSCS" "MingLiU_HKSCS" "MING-LI-U-HKSCS" "MingLiU_HKSCS" "MINGLIU_HKSCS-EXTB" "MingLiU_HKSCS-ExtB" "MINGLIUHKSCS-EXTB" "MingLiU_HKSCS-ExtB" "MINGLIU HKSCS-EXTB" "MingLiU_HKSCS-ExtB" "MINGLIU-HKSCS-EXTB" "MingLiU_HKSCS-ExtB" "MING LI U_HKSCS-EXT B" "MingLiU_HKSCS-ExtB" "MING_LI_U_HKSCS-EXT_B" "MingLiU_HKSCS-ExtB" "MING LI U HKSCS-EXT B" "MingLiU_HKSCS-ExtB" "MING-LI-U_HKSCS-EXT-B" "MingLiU_HKSCS-ExtB" "MING-LI-U-HKSCS-EXT-B" "MingLiU_HKSCS-ExtB" "MINION PRO" "Minion Pro" "MINIONPRO" "Minion Pro" "MINION_PRO" "Minion Pro" "MINION-PRO" "Minion Pro" "MISHAFI" "Mishafi" "MISHAFI GOLD" "Mishafi Gold" "MISHAFIGOLD" "Mishafi Gold" "MISHAFI_GOLD" "Mishafi Gold" "MISHAFI-GOLD" "Mishafi Gold" "MISTRAL" "Mistral" "MODERN NO. 20" "Modern No. 20" "MODERNNO.20" "Modern No. 20" "MODERN_NO._20" "Modern No. 20" "MODERN-NO.-20" "Modern No. 20" "MONACO" "Monaco" "MONGOLIAN BAITI" "Mongolian Baiti" "MONGOLIANBAITI" "Mongolian Baiti" "MONGOLIAN_BAITI" "Mongolian Baiti" "MONGOLIAN-BAITI" "Mongolian Baiti" "MONOTYPE CORSIVA" "Monotype Corsiva" "MONOTYPECORSIVA" "Monotype Corsiva" "MONOTYPE_CORSIVA" "Monotype Corsiva" "MONOTYPE-CORSIVA" "Monotype Corsiva" "MONOTYPE SORTS" "Monotype Sorts" "MONOTYPESORTS" "Monotype Sorts" "MONOTYPE_SORTS" "Monotype Sorts" "MONOTYPE-SORTS" "Monotype Sorts" "MSHTAKAN" "Mshtakan" "MUNA" "Muna" "MYANMAR MN" "Myanmar MN" "MYANMARMN" "Myanmar MN" "MYANMAR_MN" "Myanmar MN" "MYANMAR-MN" "Myanmar MN" "MYANMAR SANGAM MN" "Myanmar Sangam MN" "MYANMARSANGAMMN" "Myanmar Sangam MN" "MYANMAR_SANGAM_MN" "Myanmar Sangam MN" "MYANMAR-SANGAM-MN" "Myanmar Sangam MN" "MYRIAD PRO" "Myriad Pro" "MYRIADPRO" "Myriad Pro" "MYRIAD_PRO" "Myriad Pro" "MYRIAD-PRO" "Myriad Pro" "NADEEM" "Nadeem" "NANUM BRUSH SCRIPT" "Nanum Brush Script" "NANUMBRUSHSCRIPT" "Nanum Brush Script" "NANUM_BRUSH_SCRIPT" "Nanum Brush Script" "NANUM-BRUSH-SCRIPT" "Nanum Brush Script" "NANUM GOTHIC" "Nanum Gothic" "NANUMGOTHIC" "Nanum Gothic" "NANUM_GOTHIC" "Nanum Gothic" "NANUM-GOTHIC" "Nanum Gothic" "NANUM MYEONGJO" "Nanum Myeongjo" "NANUMMYEONGJO" "Nanum Myeongjo" "NANUM_MYEONGJO" "Nanum Myeongjo" "NANUM-MYEONGJO" "Nanum Myeongjo" "NANUM PEN SCRIPT" "Nanum Pen Script" "NANUMPENSCRIPT" "Nanum Pen Script" "NANUM_PEN_SCRIPT" "Nanum Pen Script" "NANUM-PEN-SCRIPT" "Nanum Pen Script" "NEO EULER" "Neo Euler" "NEOEULER" "Neo Euler" "NEO_EULER" "Neo Euler" "NEO-EULER" "Neo Euler" "NEW PENINIM MT" "New Peninim MT" "NEWPENINIMMT" "New Peninim MT" "NEW_PENINIM_MT" "New Peninim MT" "NEW-PENINIM-MT" "New Peninim MT" "NEWS GOTHIC MT" "News Gothic MT" "NEWSGOTHICMT" "News Gothic MT" "NEWS_GOTHIC_MT" "News Gothic MT" "NEWS-GOTHIC-MT" "News Gothic MT" "NOTEWORTHY" "Noteworthy" "ONYX" "Onyx" "OPEN SANS" "Open Sans" "OPENSANS" "Open Sans" "OPEN_SANS" "Open Sans" "OPEN-SANS" "Open Sans" "OPTIMA" "Optima" "ORIYA MN" "Oriya MN" "ORIYAMN" "Oriya MN" "ORIYA_MN" "Oriya MN" "ORIYA-MN" "Oriya MN" "ORIYA SANGAM MN" "Oriya Sangam MN" "ORIYASANGAMMN" "Oriya Sangam MN" "ORIYA_SANGAM_MN" "Oriya Sangam MN" "ORIYA-SANGAM-MN" "Oriya Sangam MN" "OSAKA" "Osaka" "PCMYUNGJO" "PCMyungjo" "PMINGLIU" "PMingLiU" "PMING LI U" "PMingLiU" "PMING_LI_U" "PMingLiU" "PMING-LI-U" "PMingLiU" "PMINGLIU-EXTB" "PMingLiU-ExtB" "PMING LI U-EXT B" "PMingLiU-ExtB" "PMING_LI_U-EXT_B" "PMingLiU-ExtB" "PMING-LI-U-EXT-B" "PMingLiU-ExtB" "PT MONO" "PT Mono" "PTMONO" "PT Mono" "PT_MONO" "PT Mono" "PT-MONO" "PT Mono" "PT SANS" "PT Sans" "PTSANS" "PT Sans" "PT_SANS" "PT Sans" "PT-SANS" "PT Sans" "PT SANS CAPTION" "PT Sans Caption" "PTSANSCAPTION" "PT Sans Caption" "PT_SANS_CAPTION" "PT Sans Caption" "PT-SANS-CAPTION" "PT Sans Caption" "PT SANS NARROW" "PT Sans Narrow" "PTSANSNARROW" "PT Sans Narrow" "PT_SANS_NARROW" "PT Sans Narrow" "PT-SANS-NARROW" "PT Sans Narrow" "PT SERIF" "PT Serif" "PTSERIF" "PT Serif" "PT_SERIF" "PT Serif" "PT-SERIF" "PT Serif" "PT SERIF CAPTION" "PT Serif Caption" "PTSERIFCAPTION" "PT Serif Caption" "PT_SERIF_CAPTION" "PT Serif Caption" "PT-SERIF-CAPTION" "PT Serif Caption" "PALATINO" "Palatino" "PALATINO LINOTYPE" "Palatino Linotype" "PALATINOLINOTYPE" "Palatino Linotype" "PALATINO_LINOTYPE" "Palatino Linotype" "PALATINO-LINOTYPE" "Palatino Linotype" "PAPYRUS" "Papyrus" "PERPETUA" "Perpetua" "PERPETUA TITLING MT" "Perpetua Titling MT" "PERPETUATITLINGMT" "Perpetua Titling MT" "PERPETUA_TITLING_MT" "Perpetua Titling MT" "PERPETUA-TITLING-MT" "Perpetua Titling MT" "PHOSPHATE" "Phosphate" "PILGI" "PilGi" "PIL GI" "PilGi" "PIL_GI" "PilGi" "PIL-GI" "PilGi" "PLANTAGENET CHEROKEE" "Plantagenet Cherokee" "PLANTAGENETCHEROKEE" "Plantagenet Cherokee" "PLANTAGENET_CHEROKEE" "Plantagenet Cherokee" "PLANTAGENET-CHEROKEE" "Plantagenet Cherokee" "PLAYBILL" "Playbill" "QUIVIRA" "Quivira" "RAANANA" "Raanana" "ROBOTO" "Roboto" "ROBOTO SLAB" "Roboto Slab" "ROBOTOSLAB" "Roboto Slab" "ROBOTO_SLAB" "Roboto Slab" "ROBOTO-SLAB" "Roboto Slab" "ROCKWELL" "Rockwell" "ROCKWELL EXTRA BOLD" "Rockwell Extra Bold" "ROCKWELLEXTRABOLD" "Rockwell Extra Bold" "ROCKWELL_EXTRA_BOLD" "Rockwell Extra Bold" "ROCKWELL-EXTRA-BOLD" "Rockwell Extra Bold" "STFANGSONG" "STFangsong" "STHEITI" "STHeiti" "STIXGENERAL" "STIXGeneral" "STIXINTEGRALSD" "STIXIntegralsD" "STIXINTEGRALS D" "STIXIntegralsD" "STIXINTEGRALS_D" "STIXIntegralsD" "STIXINTEGRALS-D" "STIXIntegralsD" "STIXINTEGRALSSM" "STIXIntegralsSm" "STIXINTEGRALS SM" "STIXIntegralsSm" "STIXINTEGRALS_SM" "STIXIntegralsSm" "STIXINTEGRALS-SM" "STIXIntegralsSm" "STIXINTEGRALSUP" "STIXIntegralsUp" "STIXINTEGRALS UP" "STIXIntegralsUp" "STIXINTEGRALS_UP" "STIXIntegralsUp" "STIXINTEGRALS-UP" "STIXIntegralsUp" "STIXINTEGRALSUPD" "STIXIntegralsUpD" "STIXINTEGRALS UP D" "STIXIntegralsUpD" "STIXINTEGRALS_UP_D" "STIXIntegralsUpD" "STIXINTEGRALS-UP-D" "STIXIntegralsUpD" "STIXINTEGRALSUPSM" "STIXIntegralsUpSm" "STIXINTEGRALS UP SM" "STIXIntegralsUpSm" "STIXINTEGRALS_UP_SM" "STIXIntegralsUpSm" "STIXINTEGRALS-UP-SM" "STIXIntegralsUpSm" "STIXNONUNICODE" "STIXNonUnicode" "STIXNON UNICODE" "STIXNonUnicode" "STIXNON_UNICODE" "STIXNonUnicode" "STIXNON-UNICODE" "STIXNonUnicode" "STIXSIZEFIVESYM" "STIXSizeFiveSym" "STIXSIZE FIVE SYM" "STIXSizeFiveSym" "STIXSIZE_FIVE_SYM" "STIXSizeFiveSym" "STIXSIZE-FIVE-SYM" "STIXSizeFiveSym" "STIXSIZEFOURSYM" "STIXSizeFourSym" "STIXSIZE FOUR SYM" "STIXSizeFourSym" "STIXSIZE_FOUR_SYM" "STIXSizeFourSym" "STIXSIZE-FOUR-SYM" "STIXSizeFourSym" "STIXSIZEONESYM" "STIXSizeOneSym" "STIXSIZE ONE SYM" "STIXSizeOneSym" "STIXSIZE_ONE_SYM" "STIXSizeOneSym" "STIXSIZE-ONE-SYM" "STIXSizeOneSym" "STIXSIZETHREESYM" "STIXSizeThreeSym" "STIXSIZE THREE SYM" "STIXSizeThreeSym" "STIXSIZE_THREE_SYM" "STIXSizeThreeSym" "STIXSIZE-THREE-SYM" "STIXSizeThreeSym" "STIXSIZETWOSYM" "STIXSizeTwoSym" "STIXSIZE TWO SYM" "STIXSizeTwoSym" "STIXSIZE_TWO_SYM" "STIXSizeTwoSym" "STIXSIZE-TWO-SYM" "STIXSizeTwoSym" "STIXVARIANTS" "STIXVariants" "STKAITI" "STKaiti" "STSONG" "STSong" "SANA" "Sana" "SATHU" "Sathu" "SAVOYE LET" "Savoye LET" "SAVOYELET" "Savoye LET" "SAVOYE_LET" "Savoye LET" "SAVOYE-LET" "Savoye LET" "SERAVEK" "Seravek" "SHREE DEVANAGARI 714" "Shree Devanagari 714" "SHREEDEVANAGARI714" "Shree Devanagari 714" "SHREE_DEVANAGARI_714" "Shree Devanagari 714" "SHREE-DEVANAGARI-714" "Shree Devanagari 714" "SIGNPAINTER" "SignPainter" "SIGN PAINTER" "SignPainter" "SIGN_PAINTER" "SignPainter" "SIGN-PAINTER" "SignPainter" "SILOM" "Silom" "SIMHEI" "SimHei" "SIM HEI" "SimHei" "SIM_HEI" "SimHei" "SIM-HEI" "SimHei" "SIMSUN" "SimSun" "SIM SUN" "SimSun" "SIM_SUN" "SimSun" "SIM-SUN" "SimSun" "SIMSUN-EXTB" "SimSun-ExtB" "SIM SUN-EXT B" "SimSun-ExtB" "SIM_SUN-EXT_B" "SimSun-ExtB" "SIM-SUN-EXT-B" "SimSun-ExtB" "SINHALA MN" "Sinhala MN" "SINHALAMN" "Sinhala MN" "SINHALA_MN" "Sinhala MN" "SINHALA-MN" "Sinhala MN" "SINHALA SANGAM MN" "Sinhala Sangam MN" "SINHALASANGAMMN" "Sinhala Sangam MN" "SINHALA_SANGAM_MN" "Sinhala Sangam MN" "SINHALA-SANGAM-MN" "Sinhala Sangam MN" "SKIA" "Skia" "SNELL ROUNDHAND" "Snell Roundhand" "SNELLROUNDHAND" "Snell Roundhand" "SNELL_ROUNDHAND" "Snell Roundhand" "SNELL-ROUNDHAND" "Snell Roundhand" "SONGTI SC" "Songti SC" "SONGTISC" "Songti SC" "SONGTI_SC" "Songti SC" "SONGTI-SC" "Songti SC" "SONGTI TC" "Songti TC" "SONGTITC" "Songti TC" "SONGTI_TC" "Songti TC" "SONGTI-TC" "Songti TC" "SOURCE CODE PRO" "Source Code Pro" "SOURCECODEPRO" "Source Code Pro" "SOURCE_CODE_PRO" "Source Code Pro" "SOURCE-CODE-PRO" "Source Code Pro" "SOURCE CODE PRO FOR POWERLINE" "Source Code Pro for Powerline" "SOURCECODEPROFORPOWERLINE" "Source Code Pro for Powerline" "SOURCE_CODE_PRO_FOR_POWERLINE" "Source Code Pro for Powerline" "SOURCE-CODE-PRO-FOR-POWERLINE" "Source Code Pro for Powerline" "STENCIL" "Stencil" "SUKHUMVIT SET" "Sukhumvit Set" "SUKHUMVITSET" "Sukhumvit Set" "SUKHUMVIT_SET" "Sukhumvit Set" "SUKHUMVIT-SET" "Sukhumvit Set" "SUPERCLARENDON" "Superclarendon" "SYMBOL" "Symbol" "SYMBOLA" "Symbola" "TAHOMA" "Tahoma" "TAMIL MN" "Tamil MN" "TAMILMN" "Tamil MN" "TAMIL_MN" "Tamil MN" "TAMIL-MN" "Tamil MN" "TAMIL SANGAM MN" "Tamil Sangam MN" "TAMILSANGAMMN" "Tamil Sangam MN" "TAMIL_SANGAM_MN" "Tamil Sangam MN" "TAMIL-SANGAM-MN" "Tamil Sangam MN" "TELUGU MN" "Telugu MN" "TELUGUMN" "Telugu MN" "TELUGU_MN" "Telugu MN" "TELUGU-MN" "Telugu MN" "TELUGU SANGAM MN" "Telugu Sangam MN" "TELUGUSANGAMMN" "Telugu Sangam MN" "TELUGU_SANGAM_MN" "Telugu Sangam MN" "TELUGU-SANGAM-MN" "Telugu Sangam MN" "THONBURI" "Thonburi" "TIMES" "Times" "TIMES NEW ROMAN" "Times New Roman" "TIMESNEWROMAN" "Times New Roman" "TIMES_NEW_ROMAN" "Times New Roman" "TIMES-NEW-ROMAN" "Times New Roman" "TRATTATELLO" "Trattatello" "TREBUCHET MS" "Trebuchet MS" "TREBUCHETMS" "Trebuchet MS" "TREBUCHET_MS" "Trebuchet MS" "TREBUCHET-MS" "Trebuchet MS" "TW CEN MT" "Tw Cen MT" "TWCENMT" "Tw Cen MT" "TW_CEN_MT" "Tw Cen MT" "TW-CEN-MT" "Tw Cen MT" "VERDANA" "Verdana" "WASEEM" "Waseem" "WAWATI SC" "Wawati SC" "WAWATISC" "Wawati SC" "WAWATI_SC" "Wawati SC" "WAWATI-SC" "Wawati SC" "WAWATI TC" "Wawati TC" "WAWATITC" "Wawati TC" "WAWATI_TC" "Wawati TC" "WAWATI-TC" "Wawati TC" "WEBDINGS" "Webdings" "WEIBEI SC" "Weibei SC" "WEIBEISC" "Weibei SC" "WEIBEI_SC" "Weibei SC" "WEIBEI-SC" "Weibei SC" "WEIBEI TC" "Weibei TC" "WEIBEITC" "Weibei TC" "WEIBEI_TC" "Weibei TC" "WEIBEI-TC" "Weibei TC" "WIDE LATIN" "Wide Latin" "WIDELATIN" "Wide Latin" "WIDE_LATIN" "Wide Latin" "WIDE-LATIN" "Wide Latin" "WINGDINGS" "Wingdings" "WINGDINGS 2" "Wingdings 2" "WINGDINGS2" "Wingdings 2" "WINGDINGS_2" "Wingdings 2" "WINGDINGS-2" "Wingdings 2" "WINGDINGS 3" "Wingdings 3" "WINGDINGS3" "Wingdings 3" "WINGDINGS_3" "Wingdings 3" "WINGDINGS-3" "Wingdings 3" "XITS" "XITS" "XITS MATH" "XITS Math" "XITSMATH" "XITS Math" "XITS_MATH" "XITS Math" "XITS-MATH" "XITS Math" "XINGKAI SC" "Xingkai SC" "XINGKAISC" "Xingkai SC" "XINGKAI_SC" "Xingkai SC" "XINGKAI-SC" "Xingkai SC" "YUGOTHIC" "YuGothic" "YU GOTHIC" "YuGothic" "YU_GOTHIC" "YuGothic" "YU-GOTHIC" "YuGothic" "YUMINCHO" "YuMincho" "YU MINCHO" "YuMincho" "YU_MINCHO" "YuMincho" "YU-MINCHO" "YuMincho" "YUANTI SC" "Yuanti SC" "YUANTISC" "Yuanti SC" "YUANTI_SC" "Yuanti SC" "YUANTI-SC" "Yuanti SC" "YUPPY SC" "Yuppy SC" "YUPPYSC" "Yuppy SC" "YUPPY_SC" "Yuppy SC" "YUPPY-SC" "Yuppy SC" "YUPPY TC" "Yuppy TC" "YUPPYTC" "Yuppy TC" "YUPPY_TC" "Yuppy TC" "YUPPY-TC" "Yuppy TC" "ZAPF DINGBATS" "Zapf Dingbats" "ZAPFDINGBATS" "Zapf Dingbats" "ZAPF_DINGBATS" "Zapf Dingbats" "ZAPF-DINGBATS" "Zapf Dingbats" "ZAPFINO" "Zapfino"))]))
  :timestamp 1434774527.845362)
